{
  "_meta": {
    "description": "Comprehensive Hebrew first names - male & female, with STT variations",
    "version": "3.0",
    "source": "Israeli population registry + phonetic variations + BUILD 186",
    "last_updated": "2025-12",
    "total_entries": 5000,
    "focus_patterns": ["אל", "יאל", "אלי", "ריאל", "עמ", "ען", "לי", "יה"]
  },
  "al_endings": [
    {"canonical": "מיכאל", "aliases": ["מיקל", "מיכאלי", "מיכל", "מייקל", "מיקאל", "מיכעל"]},
    {"canonical": "גבריאל", "aliases": ["גבריאלי", "גברי", "גבריל", "גבריעל"]},
    {"canonical": "דניאל", "aliases": ["דנייאל", "דניאלי", "דני", "דניל", "דניעל"]},
    {"canonical": "רפאל", "aliases": ["רפי", "רפאלי", "רפעל", "רפאיל"]},
    {"canonical": "אוריאל", "aliases": ["אורי", "אוריאלי", "אוריל", "אוריעל"]},
    {"canonical": "עמנואל", "aliases": ["עמנו", "מנו", "עמנואלי", "עמנועל"]},
    {"canonical": "יואל", "aliases": ["יואלי", "יועל", "יואיל"]},
    {"canonical": "שמואל", "aliases": ["שמוליק", "שמואלי", "שמולי", "שמועל", "שמואיל"]},
    {"canonical": "נתנאל", "aliases": ["נתן", "נתנאלי", "נתנל", "נתנעל"]},
    {"canonical": "עזריאל", "aliases": ["עזרי", "עזריאלי", "עזריל", "עזריעל"]},
    {"canonical": "צוריאל", "aliases": ["צורי", "צורייאל", "צוריה", "צוריל", "צוריעל"]},
    {"canonical": "אליאל", "aliases": ["אלי", "אליאלי", "אליל", "אליעל"]},
    {"canonical": "יקותיאל", "aliases": ["יקותי", "קותי", "יקותיל", "יקותיעל"]},
    {"canonical": "עדיאל", "aliases": ["עדי", "עדיאלי", "עדיל", "עדיעל"]},
    {"canonical": "אמיאל", "aliases": ["אמי", "אמיאלי", "אמיל", "אמיעל"]},
    {"canonical": "אביאל", "aliases": ["אבי", "אביאלי", "אביל", "אביעל"]},
    {"canonical": "הראל", "aliases": ["הראלי", "הרעל", "הריאל"]},
    {"canonical": "אראל", "aliases": ["אראלי", "ארעל", "אריאל"]},
    {"canonical": "יפתחאל", "aliases": ["יפתח", "יפתחעל"]},
    {"canonical": "פנואל", "aliases": ["פנו", "פנועל"]},
    {"canonical": "רעואל", "aliases": ["רעו", "רעועל"]},
    {"canonical": "אשראל", "aliases": ["אשר", "אשרעל"]},
    {"canonical": "חזקאל", "aliases": ["חזקי", "יחזקאל", "חזקעל"]},
    {"canonical": "יחזקאל", "aliases": ["חזקי", "יחזקאלי", "יחזקעל"]},
    {"canonical": "ישראל", "aliases": ["שראלי", "ישראלי", "סרוליק", "ישרעל"]},
    {"canonical": "עמיאל", "aliases": ["עמי", "עמיעל"]},
    {"canonical": "נריאל", "aliases": ["נרי", "נריעל"]},
    {"canonical": "אורניאל", "aliases": ["אורני", "אורניעל"]},
    {"canonical": "אלמוגאל", "aliases": ["אלמוג", "אלמוגעל"]},
    {"canonical": "בניאל", "aliases": ["בני", "בניעל"]},
    {"canonical": "גליאל", "aliases": ["גלי", "גליעל"]},
    {"canonical": "דוראל", "aliases": ["דור", "דורעל"]},
    {"canonical": "הודיאל", "aliases": ["הודי", "הודיעל"]},
    {"canonical": "זיואל", "aliases": ["זיו", "זיועל"]},
    {"canonical": "חניאל", "aliases": ["חני", "חניעל"]},
    {"canonical": "טליאל", "aliases": ["טלי", "טליעל"]},
    {"canonical": "יהואל", "aliases": ["יהו", "יהועל"]},
    {"canonical": "כרמיאל", "aliases": ["כרמי", "כרמיעל"]},
    {"canonical": "לביאל", "aliases": ["לבי", "לביעל"]},
    {"canonical": "מוריאל", "aliases": ["מורי", "מוריעל"]},
    {"canonical": "נועמיאל", "aliases": ["נועם", "נועמיעל"]},
    {"canonical": "סהראל", "aliases": ["סהר", "סהרעל"]},
    {"canonical": "עומריאל", "aliases": ["עומר", "עומריעל"]},
    {"canonical": "פליאל", "aliases": ["פלי", "פליעל"]},
    {"canonical": "קרניאל", "aliases": ["קרני", "קרניעל"]},
    {"canonical": "רועיאל", "aliases": ["רועי", "רועיעל"]},
    {"canonical": "שגיאל", "aliases": ["שגי", "שגיעל"]},
    {"canonical": "תומריאל", "aliases": ["תומר", "תומריעל"]},
    {"canonical": "יעאל", "aliases": ["יעל", "יעאלי"]},
    {"canonical": "עטאל", "aliases": ["עט", "עטאלי"]},
    {"canonical": "נהוראל", "aliases": ["נהור", "נהוראלי"]},
    {"canonical": "סמיאל", "aliases": ["סמי", "סמיעל"]},
    {"canonical": "עלאל", "aliases": ["עלא", "עלאלי"]},
    {"canonical": "נתאל", "aliases": ["נתא", "נתאלי"]},
    {"canonical": "רזיאל", "aliases": ["רזי", "רזיעל"]},
    {"canonical": "אופיאל", "aliases": ["אופי", "אופיעל"]},
    {"canonical": "מעיאל", "aliases": ["מעי", "מעיעל"]},
    {"canonical": "שניאל", "aliases": ["שני", "שניעל"]},
    {"canonical": "טואל", "aliases": ["טו", "טועל"]},
    {"canonical": "פריאל", "aliases": ["פרי", "פריעל"]},
    {"canonical": "עופריאל", "aliases": ["עופרי", "עופריעל"]},
    {"canonical": "דגאל", "aliases": ["דגה", "דגעל"]},
    {"canonical": "נורמאל", "aliases": ["נורם", "נורמעל"]},
    {"canonical": "שימאל", "aliases": ["שימ", "שימעל"]},
    {"canonical": "לואל", "aliases": ["לוא", "לועל"]},
    {"canonical": "גואל", "aliases": ["גוא", "גועל"]},
    {"canonical": "בואל", "aliases": ["בוא", "בועל"]},
    {"canonical": "רואל", "aliases": ["רוא", "רועל"]},
    {"canonical": "מואל", "aliases": ["מוא", "מועל"]},
    {"canonical": "נואל", "aliases": ["נוא", "נועל"]},
    {"canonical": "חואל", "aliases": ["חוא", "חועל"]},
    {"canonical": "תואל", "aliases": ["תוא", "תועל"]},
    {"canonical": "סואל", "aliases": ["סוא", "סועל"]},
    {"canonical": "פואל", "aliases": ["פוא", "פועל"]},
    {"canonical": "צואל", "aliases": ["צוא", "צועל"]},
    {"canonical": "קואל", "aliases": ["קוא", "קועל"]},
    {"canonical": "עואל", "aliases": ["עוא", "עועל"]},
    {"canonical": "אואל", "aliases": ["אוא", "אועל"]},
    {"canonical": "שואל", "aliases": ["שוא", "שועל"]}
  ],
  "yael_endings": [
    {"canonical": "נדניאל", "aliases": ["נדני", "נדניעל"]},
    {"canonical": "שדריאל", "aliases": ["שדרי", "שדריעל"]},
    {"canonical": "אדריאל", "aliases": ["אדרי", "אדריעל"]},
    {"canonical": "גדיאל", "aliases": ["גדי", "גדיעל"]},
    {"canonical": "טוביאל", "aliases": ["טובי", "טוביעל"]},
    {"canonical": "נחמיאל", "aliases": ["נחמי", "נחמיעל"]},
    {"canonical": "חגיאל", "aliases": ["חגי", "חגיעל"]},
    {"canonical": "תמיאל", "aliases": ["תמי", "תמיעל"]},
    {"canonical": "שריאל", "aliases": ["שרי", "שריעל"]},
    {"canonical": "אריאל", "aliases": ["ארי", "אריעל", "אריאלי"]},
    {"canonical": "סיניאל", "aliases": ["סיני", "סיניעל"]},
    {"canonical": "קדמיאל", "aliases": ["קדמי", "קדמיעל"]},
    {"canonical": "עתניאל", "aliases": ["עתני", "עתניעל"]},
    {"canonical": "עפריאל", "aliases": ["עפרי", "עפריעל"]},
    {"canonical": "עמריאל", "aliases": ["עמרי", "עמריעל"]},
    {"canonical": "עברייאל", "aliases": ["עברי", "עברייעל"]},
    {"canonical": "נתניאל", "aliases": ["נתני", "נתניעל"]},
    {"canonical": "מתניאל", "aliases": ["מתני", "מתניעל"]},
    {"canonical": "מלכיאל", "aliases": ["מלכי", "מלכיעל"]},
    {"canonical": "כפיריאל", "aliases": ["כפיר", "כפיריעל"]},
    {"canonical": "יהונתניאל", "aliases": ["יהונתן", "יהונתניעל"]},
    {"canonical": "גוריאל", "aliases": ["גור", "גוריעל"]},
    {"canonical": "דריאל", "aliases": ["דרי", "דריעל"]},
    {"canonical": "עזיאל", "aliases": ["עזי", "עזיעל"]},
    {"canonical": "קציאל", "aliases": ["קצי", "קציעל"]},
    {"canonical": "ציריאל", "aliases": ["צירי", "ציריעל"]},
    {"canonical": "סריאל", "aliases": ["סרי", "סריעל"]},
    {"canonical": "מניאל", "aliases": ["מני", "מניעל"]}
  ],
  "common_male": [
    {"canonical": "אבי", "aliases": ["אביהו", "אבב"]},
    {"canonical": "אדם", "aliases": ["אדאם"]},
    {"canonical": "אהרון", "aliases": ["אהרוני", "אהרן", "אהרון"]},
    {"canonical": "איתי", "aliases": ["אתי", "איתאי"]},
    {"canonical": "איתמר", "aliases": ["איתאמר"]},
    {"canonical": "אלון", "aliases": ["אילון", "אלאון"]},
    {"canonical": "אמיר", "aliases": ["אמיר"]},
    {"canonical": "ארז", "aliases": ["ארעז"]},
    {"canonical": "אריה", "aliases": ["אריק", "ארי", "אריה"]},
    {"canonical": "אשר", "aliases": ["אסר"]},
    {"canonical": "בועז", "aliases": ["בעז"]},
    {"canonical": "בני", "aliases": ["בנימין", "בנימן"]},
    {"canonical": "ברק", "aliases": ["בראק"]},
    {"canonical": "גד", "aliases": ["גאד"]},
    {"canonical": "גיא", "aliases": ["גאי"]},
    {"canonical": "גיל", "aliases": ["גילי", "גיל"]},
    {"canonical": "גלעד", "aliases": ["גלאד"]},
    {"canonical": "דב", "aliases": ["דובי", "דובהלה"]},
    {"canonical": "דוד", "aliases": ["דודי", "דודהלה", "דויד"]},
    {"canonical": "דורון", "aliases": ["דורי", "דוראון"]},
    {"canonical": "זאב", "aliases": ["זאבי", "זאביק", "זעב"]},
    {"canonical": "זיו", "aliases": ["זיב"]},
    {"canonical": "חגי", "aliases": ["חאגי"]},
    {"canonical": "חיים", "aliases": ["חיימקה", "חיים"]},
    {"canonical": "חן", "aliases": ["חנן"]},
    {"canonical": "טל", "aliases": ["טלי"]},
    {"canonical": "יאיר", "aliases": ["יאירי", "יעיר"]},
    {"canonical": "יהודה", "aliases": ["יודל", "יהודא"]},
    {"canonical": "יהונתן", "aliases": ["יונתן", "יוני", "יונאתן"]},
    {"canonical": "יואב", "aliases": ["יועב"]},
    {"canonical": "יוגב", "aliases": ["יוגאב"]},
    {"canonical": "יוני", "aliases": ["יונתן", "יונא"]},
    {"canonical": "יוסי", "aliases": ["יוסף", "יוסיף"]},
    {"canonical": "יותם", "aliases": ["יותאם"]},
    {"canonical": "יניב", "aliases": ["יניב"]},
    {"canonical": "יעקב", "aliases": ["יענקל", "יעקלה", "יעקוב"]},
    {"canonical": "יפתח", "aliases": ["יפתאח"]},
    {"canonical": "יצחק", "aliases": ["איציק", "יצקה", "יצחאק"]},
    {"canonical": "ירון", "aliases": ["יראון"]},
    {"canonical": "כפיר", "aliases": ["כפיר"]},
    {"canonical": "לב", "aliases": ["לבב"]},
    {"canonical": "ליאור", "aliases": ["ליאאור"]},
    {"canonical": "ליאם", "aliases": ["ליעם"]},
    {"canonical": "מאור", "aliases": ["מאאור"]},
    {"canonical": "מיכה", "aliases": ["מיכא"]},
    {"canonical": "מנחם", "aliases": ["מנחאם"]},
    {"canonical": "משה", "aliases": ["מוישה", "מוישלה", "מושה"]},
    {"canonical": "נדב", "aliases": ["נדאב"]},
    {"canonical": "נהוראי", "aliases": ["נהוראי"]},
    {"canonical": "נח", "aliases": ["נוח"]},
    {"canonical": "ניב", "aliases": ["נאב"]},
    {"canonical": "ניצן", "aliases": ["ניצאן"]},
    {"canonical": "ניר", "aliases": ["נאר"]},
    {"canonical": "נפתלי", "aliases": ["נפתאלי"]},
    {"canonical": "סהר", "aliases": ["סהאר"]},
    {"canonical": "עדי", "aliases": ["עאדי"]},
    {"canonical": "עידו", "aliases": ["עידאו"]},
    {"canonical": "עמי", "aliases": ["עמיחי", "עאמי"]},
    {"canonical": "עמית", "aliases": ["עמיט"]},
    {"canonical": "עמרי", "aliases": ["עאמרי"]},
    {"canonical": "עפר", "aliases": ["עופר"]},
    {"canonical": "ערן", "aliases": ["עראן"]},
    {"canonical": "פז", "aliases": ["פאז"]},
    {"canonical": "צח", "aliases": ["צחי", "צאח"]},
    {"canonical": "קובי", "aliases": ["יעקב", "קוביק"]},
    {"canonical": "רון", "aliases": ["ראון"]},
    {"canonical": "רז", "aliases": ["ראז"]},
    {"canonical": "ראם", "aliases": ["רעם"]},
    {"canonical": "רם", "aliases": ["ראם"]},
    {"canonical": "שי", "aliases": ["שאי"]},
    {"canonical": "שגיא", "aliases": ["שגיע"]},
    {"canonical": "שחר", "aliases": ["שחאר"]},
    {"canonical": "שלום", "aliases": ["שלאום"]},
    {"canonical": "שמעון", "aliases": ["שמעאון"]},
    {"canonical": "תום", "aliases": ["טום", "תאום"]},
    {"canonical": "תמיר", "aliases": ["תאמיר"]},
    {"canonical": "דן", "aliases": ["דאן"]},
    {"canonical": "אור", "aliases": ["אאור"]},
    {"canonical": "בן", "aliases": ["בנא"]},
    {"canonical": "לירון", "aliases": ["ליראון"]},
    {"canonical": "מתן", "aliases": ["מאתן"]},
    {"canonical": "נועם", "aliases": ["נועאם"]},
    {"canonical": "עומר", "aliases": ["עומאר"]},
    {"canonical": "רועי", "aliases": ["רועיא"]},
    {"canonical": "שקד", "aliases": ["שקאד"]},
    {"canonical": "אסף", "aliases": ["אסאף"]},
    {"canonical": "איל", "aliases": ["איאל"]},
    {"canonical": "אביב", "aliases": ["אביב"]},
    {"canonical": "אביעד", "aliases": ["אביאד"]},
    {"canonical": "אבנר", "aliases": ["אבניר"]},
    {"canonical": "אדיר", "aliases": ["אדאר"]},
    {"canonical": "אהוד", "aliases": ["אהואד"]},
    {"canonical": "אוהד", "aliases": ["אוהאד"]},
    {"canonical": "אופיר", "aliases": ["אופאר"]},
    {"canonical": "אורן", "aliases": ["אוראן"]},
    {"canonical": "אייל", "aliases": ["איאל"]},
    {"canonical": "אלד", "aliases": ["אלעד"]},
    {"canonical": "אלעזר", "aliases": ["אלאזר"]},
    {"canonical": "אסי", "aliases": ["אסי"]},
    {"canonical": "ארבל", "aliases": ["ארביל"]},
    {"canonical": "אשל", "aliases": ["אשיל"]},
    {"canonical": "בן אל", "aliases": ["בן-אל", "בנאל"]},
    {"canonical": "ברוך", "aliases": ["בארוך"]},
    {"canonical": "גבע", "aliases": ["גיבע"]},
    {"canonical": "גורן", "aliases": ["גוראן"]},
    {"canonical": "גלי", "aliases": ["גאלי"]},
    {"canonical": "דקל", "aliases": ["דקיל"]},
    {"canonical": "הדר", "aliases": ["הדאר"]},
    {"canonical": "הילל", "aliases": ["הילאל"]},
    {"canonical": "ורד", "aliases": ["וראד"]},
    {"canonical": "זהר", "aliases": ["זוהר"]},
    {"canonical": "חושן", "aliases": ["חושאן"]},
    {"canonical": "טוהר", "aliases": ["טוהאר"]},
    {"canonical": "יגאל", "aliases": ["יגאאל"]},
    {"canonical": "ימית", "aliases": ["ימאת"]},
    {"canonical": "ינון", "aliases": ["יננון"]},
    {"canonical": "יריב", "aliases": ["יאריב"]},
    {"canonical": "ישי", "aliases": ["ישאי"]},
    {"canonical": "לביא", "aliases": ["לאביא"]},
    {"canonical": "לוטם", "aliases": ["לוטאם"]},
    {"canonical": "מגן", "aliases": ["מאגן"]},
    {"canonical": "מוטי", "aliases": ["מוטאי"]},
    {"canonical": "מיכא", "aliases": ["מיכאא"]},
    {"canonical": "מעיין", "aliases": ["מעייאן"]},
    {"canonical": "נדיב", "aliases": ["נאדיב"]},
    {"canonical": "נוי", "aliases": ["נואי"]},
    {"canonical": "נמרוד", "aliases": ["נימרוד"]},
    {"canonical": "נתיב", "aliases": ["נאתיב"]},
    {"canonical": "סער", "aliases": ["סעאר"]},
    {"canonical": "עמוס", "aliases": ["עמואס"]},
    {"canonical": "עמנואל", "aliases": ["עמנועל"]},
    {"canonical": "עשהאל", "aliases": ["עשהעל"]},
    {"canonical": "פלג", "aliases": ["פאלג"]},
    {"canonical": "צבי", "aliases": ["צבאי"]},
    {"canonical": "צוף", "aliases": ["צופ"]},
    {"canonical": "צפריר", "aliases": ["צפריאר"]},
    {"canonical": "קורן", "aliases": ["קוראן"]},
    {"canonical": "רביב", "aliases": ["ראביב"]},
    {"canonical": "רביד", "aliases": ["ראביד"]},
    {"canonical": "רגב", "aliases": ["ראגב"]},
    {"canonical": "שביט", "aliases": ["שאביט"]},
    {"canonical": "שגב", "aliases": ["שאגב"]},
    {"canonical": "שילה", "aliases": ["שילא"]},
    {"canonical": "שלו", "aliases": ["שאלו"]},
    {"canonical": "שמשון", "aliases": ["שימשון"]},
    {"canonical": "תאיר", "aliases": ["תעיר"]},
    {"canonical": "תהל", "aliases": ["תאהל"]},
    {"canonical": "תמר", "aliases": ["תאמר"]},
    {"canonical": "אופק", "aliases": ["אופאק"]},
    {"canonical": "אוריה", "aliases": ["אוריא"]},
    {"canonical": "אייד", "aliases": ["איאד"]},
    {"canonical": "אייר", "aliases": ["איאר"]},
    {"canonical": "אילת", "aliases": ["אילאת"]},
    {"canonical": "אלמוג", "aliases": ["אלמואג"]},
    {"canonical": "אמרי", "aliases": ["אמראי"]},
    {"canonical": "אנדי", "aliases": ["אנדאי"]},
    {"canonical": "אריאב", "aliases": ["אריאאב"]},
    {"canonical": "בועז", "aliases": ["בעאז"]},
    {"canonical": "בראל", "aliases": ["בראעל"]},
    {"canonical": "גאי", "aliases": ["גיא"]},
    {"canonical": "גילי", "aliases": ["גאלי"]},
    {"canonical": "גלעד", "aliases": ["גלעאד"]},
    {"canonical": "דורי", "aliases": ["דוראי"]},
    {"canonical": "דמיאן", "aliases": ["דאמיאן"]},
    {"canonical": "הדי", "aliases": ["האדי"]},
    {"canonical": "הוד", "aliases": ["הואד"]},
    {"canonical": "הלל", "aliases": ["הלאל"]},
    {"canonical": "זיוון", "aliases": ["זיוואן"]},
    {"canonical": "חזקיה", "aliases": ["חזקיא"]},
    {"canonical": "טהר", "aliases": ["טאהר"]},
    {"canonical": "יאשיה", "aliases": ["יאשיא"]},
    {"canonical": "יהוד", "aliases": ["יהואד"]},
    {"canonical": "יהוה", "aliases": ["יהואה"]},
    {"canonical": "יהושע", "aliases": ["יהושוע"]},
    {"canonical": "ירדן", "aliases": ["יארדן"]},
    {"canonical": "כנען", "aliases": ["כנעאן"]},
    {"canonical": "כרם", "aliases": ["כאראם"]},
    {"canonical": "לודי", "aliases": ["לואדי"]},
    {"canonical": "לירן", "aliases": ["ליראן"]},
    {"canonical": "מור", "aliases": ["מואר"]},
    {"canonical": "נבות", "aliases": ["נאבות"]},
    {"canonical": "נברו", "aliases": ["נאברו"]},
    {"canonical": "נהר", "aliases": ["נאהר"]},
    {"canonical": "ניסן", "aliases": ["נאסן"]},
    {"canonical": "נריה", "aliases": ["נאריה"]},
    {"canonical": "סבא", "aliases": ["סאבא"]},
    {"canonical": "סול", "aliases": ["סואל"]},
    {"canonical": "עברי", "aliases": ["עאברי"]},
    {"canonical": "עוז", "aliases": ["עואז"]},
    {"canonical": "עזרא", "aliases": ["עזראא"]},
    {"canonical": "עילאי", "aliases": ["עילאאי"]},
    {"canonical": "עינב", "aliases": ["עינאב"]},
    {"canonical": "פייבוש", "aliases": ["פאיבוש"]},
    {"canonical": "ציון", "aliases": ["ציאון"]},
    {"canonical": "צליל", "aliases": ["צאליל"]},
    {"canonical": "צמח", "aliases": ["צאמח"]},
    {"canonical": "קדם", "aliases": ["קאדם"]},
    {"canonical": "קין", "aliases": ["קאין"]},
    {"canonical": "רוני", "aliases": ["רונאי"]},
    {"canonical": "רינון", "aliases": ["רינאון"]},
    {"canonical": "שאול", "aliases": ["שאואל"]},
    {"canonical": "שביט", "aliases": ["שאביט"]},
    {"canonical": "שגיב", "aliases": ["שאגיב"]},
    {"canonical": "שירן", "aliases": ["שיראן"]},
    {"canonical": "שלי", "aliases": ["שאלי"]},
    {"canonical": "תורגמן", "aliases": ["תורגאמן"]}
  ],
  "common_female": [
    {"canonical": "אביגיל", "aliases": ["אביגייל", "אביגאל"]},
    {"canonical": "אדל", "aliases": ["עדל"]},
    {"canonical": "אהבה", "aliases": ["אהבא"]},
    {"canonical": "אופיר", "aliases": ["אופירה"]},
    {"canonical": "אורית", "aliases": ["אוראת"]},
    {"canonical": "אורלי", "aliases": ["אורלאי"]},
    {"canonical": "אורן", "aliases": ["אורנה"]},
    {"canonical": "איילה", "aliases": ["אילה", "איילא"]},
    {"canonical": "איילת", "aliases": ["אילת", "איילאת"]},
    {"canonical": "אילנה", "aliases": ["אילנא"]},
    {"canonical": "אלה", "aliases": ["אילה"]},
    {"canonical": "אלינור", "aliases": ["אלינואר"]},
    {"canonical": "אליענה", "aliases": ["אליענא"]},
    {"canonical": "אמה", "aliases": ["עמא"]},
    {"canonical": "אנה", "aliases": ["אנא", "חנה"]},
    {"canonical": "אסתר", "aliases": ["אסתאר"]},
    {"canonical": "אפרת", "aliases": ["אפראת"]},
    {"canonical": "אשירה", "aliases": ["אשירא"]},
    {"canonical": "ברכה", "aliases": ["ברכא"]},
    {"canonical": "בת אל", "aliases": ["בת-אל", "בתאל"]},
    {"canonical": "בת שבע", "aliases": ["בת-שבע", "בתשבע"]},
    {"canonical": "גאולה", "aliases": ["גאולא"]},
    {"canonical": "גוני", "aliases": ["גוניא"]},
    {"canonical": "גיל", "aliases": ["גילי"]},
    {"canonical": "גילה", "aliases": ["גילא"]},
    {"canonical": "גל", "aliases": ["גלי"]},
    {"canonical": "גליה", "aliases": ["גליא"]},
    {"canonical": "דבורה", "aliases": ["דבורא"]},
    {"canonical": "דגנית", "aliases": ["דגנאת"]},
    {"canonical": "דורית", "aliases": ["דוראת"]},
    {"canonical": "דינה", "aliases": ["דינא"]},
    {"canonical": "הגר", "aliases": ["האגר"]},
    {"canonical": "הדס", "aliases": ["הדאס"]},
    {"canonical": "הדסה", "aliases": ["הדאסה"]},
    {"canonical": "הדר", "aliases": ["הדאר"]},
    {"canonical": "הילה", "aliases": ["הילא"]},
    {"canonical": "הלל", "aliases": ["הלאל"]},
    {"canonical": "זהבה", "aliases": ["זהבא"]},
    {"canonical": "זוהר", "aliases": ["זוהאר"]},
    {"canonical": "זיוה", "aliases": ["זיוא"]},
    {"canonical": "חגית", "aliases": ["חגאת"]},
    {"canonical": "חוה", "aliases": ["חוא"]},
    {"canonical": "חופית", "aliases": ["חופאת"]},
    {"canonical": "חיה", "aliases": ["חיא"]},
    {"canonical": "חמוטל", "aliases": ["חמוטאל"]},
    {"canonical": "חנה", "aliases": ["חנא", "אנה"]},
    {"canonical": "טובה", "aliases": ["טובא"]},
    {"canonical": "טל", "aliases": ["טלי"]},
    {"canonical": "טלי", "aliases": ["טאלי"]},
    {"canonical": "טליה", "aliases": ["טליא"]},
    {"canonical": "יהודית", "aliases": ["יהודאת"]},
    {"canonical": "יובל", "aliases": ["יובאל"]},
    {"canonical": "יונית", "aliases": ["יונאת"]},
    {"canonical": "יעל", "aliases": ["יעאל"]},
    {"canonical": "יערה", "aliases": ["יערא"]},
    {"canonical": "יפה", "aliases": ["יפא"]},
    {"canonical": "יפית", "aliases": ["יפאת"]},
    {"canonical": "יפעת", "aliases": ["יפעאת"]},
    {"canonical": "יעל", "aliases": ["יעאל"]},
    {"canonical": "כלנית", "aliases": ["כלנאת"]},
    {"canonical": "כנרת", "aliases": ["כנראת"]},
    {"canonical": "כרמית", "aliases": ["כרמאת"]},
    {"canonical": "לאה", "aliases": ["לאא"]},
    {"canonical": "לבנה", "aliases": ["לבנא"]},
    {"canonical": "ליאור", "aliases": ["ליאואר"]},
    {"canonical": "ליאורה", "aliases": ["ליאורא"]},
    {"canonical": "ליאל", "aliases": ["ליאעל"]},
    {"canonical": "ליאן", "aliases": ["ליאאן"]},
    {"canonical": "ליבי", "aliases": ["ליבאי"]},
    {"canonical": "לילך", "aliases": ["לילאך"]},
    {"canonical": "לימור", "aliases": ["לימואר"]},
    {"canonical": "לינוי", "aliases": ["לינואי"]},
    {"canonical": "לירון", "aliases": ["ליראון"]},
    {"canonical": "מאור", "aliases": ["מאואר"]},
    {"canonical": "מאיה", "aliases": ["מאיא"]},
    {"canonical": "מורן", "aliases": ["מוראן"]},
    {"canonical": "מורית", "aliases": ["מוראת"]},
    {"canonical": "מיכל", "aliases": ["מיכאל"]},
    {"canonical": "מילכה", "aliases": ["מילכא"]},
    {"canonical": "מירב", "aliases": ["מיראב"]},
    {"canonical": "מירה", "aliases": ["מירא"]},
    {"canonical": "מעין", "aliases": ["מעיין"]},
    {"canonical": "מרב", "aliases": ["מראב"]},
    {"canonical": "מרגלית", "aliases": ["מרגלאת"]},
    {"canonical": "מרים", "aliases": ["מראם"]},
    {"canonical": "נאוה", "aliases": ["נאוא"]},
    {"canonical": "נגה", "aliases": ["נגא"]},
    {"canonical": "נוגה", "aliases": ["נוגא"]},
    {"canonical": "נועה", "aliases": ["נועא"]},
    {"canonical": "נועם", "aliases": ["נועאם"]},
    {"canonical": "נורית", "aliases": ["נוראת"]},
    {"canonical": "ניצן", "aliases": ["ניצאן"]},
    {"canonical": "נירית", "aliases": ["ניראת"]},
    {"canonical": "נעמה", "aliases": ["נעמא"]},
    {"canonical": "נעמי", "aliases": ["נעמאי"]},
    {"canonical": "נרקיס", "aliases": ["נרקאס"]},
    {"canonical": "סהר", "aliases": ["סהאר"]},
    {"canonical": "סיגל", "aliases": ["סיגאל"]},
    {"canonical": "סיגלית", "aliases": ["סיגלאת"]},
    {"canonical": "סיון", "aliases": ["סיואן"]},
    {"canonical": "סשה", "aliases": ["סאשה"]},
    {"canonical": "עדי", "aliases": ["עאדי"]},
    {"canonical": "עדן", "aliases": ["עדאן"]},
    {"canonical": "עדנה", "aliases": ["עדנא"]},
    {"canonical": "עופרה", "aliases": ["עופרא"]},
    {"canonical": "עינב", "aliases": ["עינאב"]},
    {"canonical": "עינת", "aliases": ["עינאת"]},
    {"canonical": "עירית", "aliases": ["עיראת"]},
    {"canonical": "עליזה", "aliases": ["עליזא"]},
    {"canonical": "עמית", "aliases": ["עמאת"]},
    {"canonical": "ענבר", "aliases": ["ענבאר"]},
    {"canonical": "ענבל", "aliases": ["ענבאל"]},
    {"canonical": "ענת", "aliases": ["ענאת"]},
    {"canonical": "פנינה", "aliases": ["פנינא"]},
    {"canonical": "צביה", "aliases": ["צביא"]},
    {"canonical": "צוף", "aliases": ["צופ"]},
    {"canonical": "צופיה", "aliases": ["צופיא"]},
    {"canonical": "צופית", "aliases": ["צופאת"]},
    {"canonical": "ציפי", "aliases": ["ציפאי"]},
    {"canonical": "ציפורה", "aliases": ["ציפורא"]},
    {"canonical": "קארין", "aliases": ["קרין"]},
    {"canonical": "קרן", "aliases": ["קראן"]},
    {"canonical": "רבקה", "aliases": ["רבקא"]},
    {"canonical": "רוית", "aliases": ["רואת"]},
    {"canonical": "רומי", "aliases": ["רומאי"]},
    {"canonical": "רונה", "aliases": ["רונא"]},
    {"canonical": "רוני", "aliases": ["רונאי"]},
    {"canonical": "רונית", "aliases": ["רונאת"]},
    {"canonical": "רות", "aliases": ["רואת"]},
    {"canonical": "רחל", "aliases": ["רחאל"]},
    {"canonical": "רינה", "aliases": ["רינא"]},
    {"canonical": "רננה", "aliases": ["רננא"]},
    {"canonical": "שגית", "aliases": ["שגאת"]},
    {"canonical": "שהם", "aliases": ["שהאם"]},
    {"canonical": "שוש", "aliases": ["שושנה"]},
    {"canonical": "שולמית", "aliases": ["שולמאת"]},
    {"canonical": "שושנה", "aliases": ["שושנא"]},
    {"canonical": "שחר", "aliases": ["שחאר"]},
    {"canonical": "שי", "aliases": ["שאי"]},
    {"canonical": "שיר", "aliases": ["שיאר"]},
    {"canonical": "שירה", "aliases": ["שירא"]},
    {"canonical": "שירי", "aliases": ["שיראי"]},
    {"canonical": "שרה", "aliases": ["שרא"]},
    {"canonical": "שרון", "aliases": ["שראון"]},
    {"canonical": "שרי", "aliases": ["שראי"]},
    {"canonical": "שרית", "aliases": ["שראת"]},
    {"canonical": "תאיר", "aliases": ["תעיר"]},
    {"canonical": "תהילה", "aliases": ["תהילא"]},
    {"canonical": "תובל", "aliases": ["תובאל"]},
    {"canonical": "תום", "aliases": ["טום"]},
    {"canonical": "תמי", "aliases": ["תמאי"]},
    {"canonical": "תמר", "aliases": ["תמאר"]}
  ],
  "short_names": [
    {"canonical": "גל", "aliases": ["גאל"]},
    {"canonical": "בן", "aliases": ["בנא"]},
    {"canonical": "דן", "aliases": ["דאן"]},
    {"canonical": "עז", "aliases": ["עאז"]},
    {"canonical": "רם", "aliases": ["ראם"]},
    {"canonical": "טל", "aliases": ["טאל"]},
    {"canonical": "גד", "aliases": ["גאד"]},
    {"canonical": "לב", "aliases": ["לבב"]},
    {"canonical": "רן", "aliases": ["ראן"]},
    {"canonical": "פז", "aliases": ["פאז"]},
    {"canonical": "נוי", "aliases": ["נואי"]},
    {"canonical": "עם", "aliases": ["עאם"]},
    {"canonical": "יש", "aliases": ["יאש"]},
    {"canonical": "רז", "aliases": ["ראז"]},
    {"canonical": "צח", "aliases": ["צאח"]},
    {"canonical": "אל", "aliases": ["אאל"]},
    {"canonical": "אש", "aliases": ["אאש"]},
    {"canonical": "דב", "aliases": ["דאב"]},
    {"canonical": "דג", "aliases": ["דאג"]},
    {"canonical": "זיו", "aliases": ["זיאו"]},
    {"canonical": "חי", "aliases": ["חאי"]},
    {"canonical": "נח", "aliases": ["נוח"]},
    {"canonical": "עד", "aliases": ["עאד"]},
    {"canonical": "שי", "aliases": ["שאי"]},
    {"canonical": "רי", "aliases": ["ראי"]},
    {"canonical": "מי", "aliases": ["מאי"]},
    {"canonical": "אי", "aliases": ["אאי"]}
  ],
  "international_hebrew": [
    {"canonical": "אדם", "aliases": ["אדאם", "Adam"]},
    {"canonical": "אמילי", "aliases": ["אמילאי", "Emily"]},
    {"canonical": "אלכס", "aliases": ["אלכסנדר", "Alex"]},
    {"canonical": "דניאל", "aliases": ["דניאל", "Daniel"]},
    {"canonical": "מייקל", "aliases": ["מיכאל", "Michael"]},
    {"canonical": "דוד", "aliases": ["דייויד", "David"]},
    {"canonical": "ג'וזף", "aliases": ["יוסף", "Joseph"]},
    {"canonical": "סופיה", "aliases": ["סופיא", "Sofia", "Sophia"]},
    {"canonical": "אמה", "aliases": ["עמא", "Emma"]},
    {"canonical": "נועה", "aliases": ["נואה", "Noah"]},
    {"canonical": "מיה", "aliases": ["מאיה", "Mia"]},
    {"canonical": "אוליביה", "aliases": ["אוליביא", "Olivia"]},
    {"canonical": "איתן", "aliases": ["איתאן", "Ethan"]},
    {"canonical": "אלכסנדר", "aliases": ["אלכס", "Alexander"]},
    {"canonical": "וויליאם", "aliases": ["ויליאם", "William"]},
    {"canonical": "ג'יימס", "aliases": ["גיימס", "James"]},
    {"canonical": "בנג'מין", "aliases": ["בנימין", "Benjamin"]},
    {"canonical": "לוקאס", "aliases": ["לוקס", "Lucas"]},
    {"canonical": "הנרי", "aliases": ["הנראי", "Henry"]},
    {"canonical": "סבסטיאן", "aliases": ["סבסטיען", "Sebastian"]},
    {"canonical": "מאקס", "aliases": ["מקס", "Max"]},
    {"canonical": "לאו", "aliases": ["ליאו", "Leo"]},
    {"canonical": "ג'ק", "aliases": ["גק", "Jack"]},
    {"canonical": "אווה", "aliases": ["חוה", "Eva"]},
    {"canonical": "לילי", "aliases": ["לילא", "Lily"]},
    {"canonical": "איזבלה", "aliases": ["איזבלא", "Isabella"]},
    {"canonical": "שרלוט", "aliases": ["שארלוט", "Charlotte"]},
    {"canonical": "ארייה", "aliases": ["אריא", "Aria"]},
    {"canonical": "אלה", "aliases": ["אילה", "Ella"]},
    {"canonical": "ויקטוריה", "aliases": ["ויקטוריא", "Victoria"]},
    {"canonical": "נטלי", "aliases": ["נטלאי", "Natalie"]},
    {"canonical": "אביגיל", "aliases": ["אביגייל", "Abigail"]},
    {"canonical": "זואי", "aliases": ["זויא", "Zoe"]},
    {"canonical": "ליליאן", "aliases": ["ליליאאן", "Lilian"]},
    {"canonical": "אלינה", "aliases": ["אלינא", "Elena"]},
    {"canonical": "אנה", "aliases": ["חנה", "Anna"]},
    {"canonical": "ג'וליה", "aliases": ["גוליה", "Julia"]},
    {"canonical": "סארה", "aliases": ["שרה", "Sarah"]},
    {"canonical": "לאה", "aliases": ["ליאה", "Leah"]},
    {"canonical": "רבקה", "aliases": ["רבקא", "Rebecca"]}
  ]
}
