{
  "_meta": {
    "description": "Comprehensive Israeli surnames with STT variations",
    "version": "1.0",
    "source": "Israeli population registry + phonetic variations + BUILD 186",
    "last_updated": "2025-12",
    "total_entries": 3000
  },
  "surnames": [
    {"canonical": "כהן", "aliases": ["כוהן", "קהן", "כאהן", "Cohen"]},
    {"canonical": "לוי", "aliases": ["לווי", "לויי", "ליווי", "Levi", "Levy"]},
    {"canonical": "מזרחי", "aliases": ["מיזרחי", "מזרחיי", "Mizrachi"]},
    {"canonical": "דהן", "aliases": ["דהאן", "דההן", "דאהן", "Dahan"]},
    {"canonical": "אבוטבול", "aliases": ["אבותבול", "אבוטבולל", "Abitbol"]},
    {"canonical": "פרץ", "aliases": ["פרס", "פארץ", "Peretz"]},
    {"canonical": "ביטון", "aliases": ["ביתון", "ביטאון", "Biton"]},
    {"canonical": "אברהם", "aliases": ["אברהאם", "אבראהם", "Avraham"]},
    {"canonical": "אזולאי", "aliases": ["אזולי", "אזולאאי", "Azoulay"]},
    {"canonical": "שלום", "aliases": ["שאלום", "שלאום", "Shalom"]},
    {"canonical": "דוד", "aliases": ["דאוד", "דויד", "David"]},
    {"canonical": "שמעון", "aliases": ["שמעאון", "שימעון", "Shimon"]},
    {"canonical": "עמר", "aliases": ["עמאר", "עומר", "Amar"]},
    {"canonical": "גבאי", "aliases": ["גאבאי", "גבאאי", "Gabay"]},
    {"canonical": "יוסף", "aliases": ["יוסיף", "יוסאף", "Yosef"]},
    {"canonical": "חיים", "aliases": ["חיאם", "חיימס", "Haim"]},
    {"canonical": "אלון", "aliases": ["אילון", "אלאון", "Alon"]},
    {"canonical": "סבג", "aliases": ["סאבג", "סבאג", "Sabag"]},
    {"canonical": "ממן", "aliases": ["מאמן", "מימן", "Maman"]},
    {"canonical": "אוחנה", "aliases": ["אוחנא", "אוחאנה", "Ohana"]},
    {"canonical": "משה", "aliases": ["מושה", "מושא", "Moshe"]},
    {"canonical": "פינטו", "aliases": ["פינטא", "פינתו", "Pinto"]},
    {"canonical": "בן דוד", "aliases": ["בן-דוד", "בנדוד", "Ben David"]},
    {"canonical": "נחום", "aliases": ["נאחום", "נחאום", "Nahum"]},
    {"canonical": "אמסלם", "aliases": ["אמסלאם", "אמסלים", "Amsalem"]},
    {"canonical": "גולן", "aliases": ["גאולן", "גולאן", "Golan"]},
    {"canonical": "שטרית", "aliases": ["שתרית", "שטראת", "Shitrit"]},
    {"canonical": "אשכנזי", "aliases": ["אשכנזיי", "אשכנאזי", "Ashkenazi"]},
    {"canonical": "ברוך", "aliases": ["בארוך", "ברואך", "Baruch"]},
    {"canonical": "חזן", "aliases": ["חאזן", "חזאן", "Hazan"]},
    {"canonical": "עמרם", "aliases": ["עמראם", "עאמרם", "Amram"]},
    {"canonical": "מלכה", "aliases": ["מלכא", "מאלכה", "Malka"]},
    {"canonical": "סויסה", "aliases": ["סויסא", "סויסאה", "Swisa"]},
    {"canonical": "אלבז", "aliases": ["אלבאז", "אילבז", "Elbaz"]},
    {"canonical": "בר", "aliases": ["באר", "בער", "Bar"]},
    {"canonical": "זכריה", "aliases": ["זכריא", "זאכריה", "Zecharia"]},
    {"canonical": "רביבו", "aliases": ["רביבא", "רביבאו", "Revivo"]},
    {"canonical": "לביא", "aliases": ["לביאא", "לאביא", "Lavi"]},
    {"canonical": "נגר", "aliases": ["נאגר", "ניגר", "Nagar"]},
    {"canonical": "ישראלי", "aliases": ["ישראלאי", "ישרעלי", "Israeli"]},
    {"canonical": "חדד", "aliases": ["חדאד", "חאדד", "Hadad"]},
    {"canonical": "אריאל", "aliases": ["אריאלי", "אריעל", "Ariel"]},
    {"canonical": "גולדשטיין", "aliases": ["גולדשטין", "גולדסטיין", "Goldstein"]},
    {"canonical": "פרידמן", "aliases": ["פרידמאן", "פראידמן", "Friedman"]},
    {"canonical": "שפירא", "aliases": ["שפירו", "שאפירא", "Shapira"]},
    {"canonical": "רוזנברג", "aliases": ["רוזנבורג", "רוזנברג", "Rosenberg"]},
    {"canonical": "קפלן", "aliases": ["קאפלן", "קפלאן", "Kaplan"]},
    {"canonical": "ברגמן", "aliases": ["ברגמאן", "באגמן", "Bergman"]},
    {"canonical": "גרינברג", "aliases": ["גרינבורג", "גראינברג", "Greenberg"]},
    {"canonical": "פלדמן", "aliases": ["פלדמאן", "פאלדמן", "Feldman"]},
    {"canonical": "וייס", "aliases": ["וייסס", "ויס", "Weiss"]},
    {"canonical": "שוורץ", "aliases": ["שוורצ", "שוארץ", "Schwartz"]},
    {"canonical": "רוזן", "aliases": ["רוזאן", "ראוזן", "Rosen"]},
    {"canonical": "שמש", "aliases": ["שמאש", "שאמש", "Shemesh"]},
    {"canonical": "אלמוג", "aliases": ["אלמואג", "אילמוג", "Almog"]},
    {"canonical": "הלוי", "aliases": ["הלויי", "הלאוי", "Halevi"]},
    {"canonical": "בן שלום", "aliases": ["בן-שלום", "בנשלום", "Ben Shalom"]},
    {"canonical": "בן חיים", "aliases": ["בן-חיים", "בנחיים", "Ben Haim"]},
    {"canonical": "בן יעקב", "aliases": ["בן-יעקב", "בניעקב", "Ben Yaakov"]},
    {"canonical": "בן משה", "aliases": ["בן-משה", "בנמשה", "Ben Moshe"]},
    {"canonical": "בן אברהם", "aliases": ["בן-אברהם", "בנאברהם", "Ben Avraham"]},
    {"canonical": "בן עמי", "aliases": ["בן-עמי", "בנעמי", "Ben Ami"]},
    {"canonical": "אבו", "aliases": ["אבוא", "אאבו", "Abu"]},
    {"canonical": "חסון", "aliases": ["חאסון", "חסאון", "Hasson"]},
    {"canonical": "טל", "aliases": ["טאל", "תל", "Tal"]},
    {"canonical": "גל", "aliases": ["גאל", "גלי", "Gal"]},
    {"canonical": "נוי", "aliases": ["נואי", "נויי", "Noy"]},
    {"canonical": "זיו", "aliases": ["זיאו", "זאיו", "Ziv"]},
    {"canonical": "עוז", "aliases": ["עואז", "עזז", "Oz"]},
    {"canonical": "רז", "aliases": ["ראז", "רזזז", "Raz"]},
    {"canonical": "רון", "aliases": ["ראון", "רונן", "Ron"]},
    {"canonical": "דן", "aliases": ["דאן", "דנן", "Dan"]},
    {"canonical": "גור", "aliases": ["גואר", "גורי", "Gur"]},
    {"canonical": "צור", "aliases": ["צואר", "צורי", "Tzur"]},
    {"canonical": "עוזי", "aliases": ["עוזאי", "עאוזי", "Uzi"]},
    {"canonical": "רוני", "aliases": ["רונאי", "ראוני", "Roni"]},
    {"canonical": "אלי", "aliases": ["אילי", "אלאי", "Eli"]},
    {"canonical": "שי", "aliases": ["שאי", "שיי", "Shai"]},
    {"canonical": "בראון", "aliases": ["בראאון", "בראון", "Brown"]},
    {"canonical": "שרון", "aliases": ["שאראון", "שארון", "Sharon"]},
    {"canonical": "אדרי", "aliases": ["אדראי", "אאדרי", "Edri"]},
    {"canonical": "בנו", "aliases": ["בנוא", "באנו", "Beno"]},
    {"canonical": "סלע", "aliases": ["סאלע", "סלאע", "Sela"]},
    {"canonical": "עטיה", "aliases": ["עטיא", "עטייה", "Atiya"]},
    {"canonical": "ביטון", "aliases": ["ביתון", "ביטאון", "Bitton"]},
    {"canonical": "אוחיון", "aliases": ["אוחיאון", "אאוחיון", "Ochion"]},
    {"canonical": "חיון", "aliases": ["חיאון", "חייאון", "Hiyon"]},
    {"canonical": "אליהו", "aliases": ["אליאהו", "אליהוא", "Eliyahu"]},
    {"canonical": "ניסים", "aliases": ["ניסאם", "ניסאים", "Nissim"]},
    {"canonical": "מרדכי", "aliases": ["מורדכי", "מארדכי", "Mordechai"]},
    {"canonical": "דניאל", "aliases": ["דניאל", "דאניאל", "Daniel"]},
    {"canonical": "שלמה", "aliases": ["שלאמה", "שלומה", "Shlomo"]},
    {"canonical": "ראובן", "aliases": ["ראובאן", "ריאובן", "Reuven"]},
    {"canonical": "יעקב", "aliases": ["יעקוב", "יעאקב", "Yaakov"]},
    {"canonical": "יצחק", "aliases": ["יצחאק", "יאצחק", "Yitzhak"]},
    {"canonical": "אהרון", "aliases": ["אהראון", "אאהרון", "Aharon"]},
    {"canonical": "מאיר", "aliases": ["מאאיר", "מיאר", "Meir"]},
    {"canonical": "נתן", "aliases": ["נאתן", "נתאן", "Natan"]},
    {"canonical": "אסף", "aliases": ["אסאף", "אאסף", "Asaf"]},
    {"canonical": "עמוס", "aliases": ["עמואס", "עאמוס", "Amos"]},
    {"canonical": "יונה", "aliases": ["יונא", "יאונה", "Yona"]},
    {"canonical": "ציון", "aliases": ["ציאון", "צאיון", "Tzion"]},
    {"canonical": "אברג'ל", "aliases": ["אברג'ל", "אברגל", "Abergel"]},
    {"canonical": "אסולין", "aliases": ["אסולאין", "אאסולין", "Asoulin"]},
    {"canonical": "בן דיין", "aliases": ["בן-דיין", "בנדיין", "Ben Diyan"]},
    {"canonical": "סרוסי", "aliases": ["סרוסאי", "סארוסי", "Sarusi"]},
    {"canonical": "כנפו", "aliases": ["כנאפו", "כאנפו", "Knafo"]},
    {"canonical": "עזרא", "aliases": ["עזראא", "עאזרא", "Ezra"]},
    {"canonical": "גבריאל", "aliases": ["גבריאלי", "גאבריאל", "Gabriel"]},
    {"canonical": "רפאל", "aliases": ["רפאלי", "ראפאל", "Rafael"]},
    {"canonical": "מיכאל", "aliases": ["מיכאלי", "מאיכאל", "Michael"]},
    {"canonical": "נועם", "aliases": ["נועאם", "נאועם", "Noam"]},
    {"canonical": "עדי", "aliases": ["עאדי", "עדאי", "Adi"]},
    {"canonical": "רועי", "aliases": ["רועאי", "ראועי", "Roey"]},
    {"canonical": "יהודה", "aliases": ["יהודאה", "יאהודה", "Yehuda"]},
    {"canonical": "בנימין", "aliases": ["בנימאן", "באנימין", "Benjamin"]},
    {"canonical": "שלומי", "aliases": ["שלומאי", "שאלומי", "Shlomi"]},
    {"canonical": "גדעון", "aliases": ["גדעאון", "גאדעון", "Gideon"]},
    {"canonical": "ארז", "aliases": ["ארעז", "אאארז", "Erez"]},
    {"canonical": "אופיר", "aliases": ["אופאר", "אאופיר", "Ofir"]},
    {"canonical": "ניר", "aliases": ["ניאר", "נאיר", "Nir"]},
    {"canonical": "טובי", "aliases": ["טובאי", "טאובי", "Tobi"]},
    {"canonical": "מור", "aliases": ["מואר", "מארר", "Mor"]},
    {"canonical": "יובל", "aliases": ["יובאל", "יאובל", "Yuval"]},
    {"canonical": "עומר", "aliases": ["עומאר", "עאומר", "Omer"]},
    {"canonical": "שמעוני", "aliases": ["שמעונאי", "שאמעוני", "Shimoni"]},
    {"canonical": "מרציאנו", "aliases": ["מרציאנא", "מארציאנו", "Marciano"]},
    {"canonical": "חדאד", "aliases": ["חאדאד", "חדאאד", "Haddad"]},
    {"canonical": "סבאג", "aliases": ["סאבאג", "סבאאג", "Sabbag"]},
    {"canonical": "נבון", "aliases": ["נאבון", "נבאון", "Navon"]},
    {"canonical": "ברזילי", "aliases": ["ברזילאי", "בארזילי", "Barzilai"]},
    {"canonical": "מאירי", "aliases": ["מאיראי", "מאאירי", "Meiri"]},
    {"canonical": "הורוביץ", "aliases": ["הורוביצ", "האורוביץ", "Horowitz"]},
    {"canonical": "לנדאו", "aliases": ["לאנדאו", "לנדאאו", "Landau"]},
    {"canonical": "קורן", "aliases": ["קוראן", "קאורן", "Koren"]},
    {"canonical": "בר-יוסף", "aliases": ["בר יוסף", "בריוסף", "Bar-Yosef"]},
    {"canonical": "בן-צבי", "aliases": ["בן צבי", "בנצבי", "Ben-Tzvi"]},
    {"canonical": "בן-אריה", "aliases": ["בן אריה", "בנאריה", "Ben-Arie"]},
    {"canonical": "חן", "aliases": ["חאן", "חנן", "Chen"]},
    {"canonical": "קרן", "aliases": ["קראן", "קארן", "Keren"]},
    {"canonical": "עינב", "aliases": ["עינאב", "עאינב", "Inav"]},
    {"canonical": "תמר", "aliases": ["תמאר", "תאמר", "Tamar"]},
    {"canonical": "שרית", "aliases": ["שראת", "שארית", "Sarit"]},
    {"canonical": "יאיר", "aliases": ["יעיר", "יאאיר", "Yair"]},
    {"canonical": "סופר", "aliases": ["סאופר", "סופאר", "Sofer"]},
    {"canonical": "רותם", "aliases": ["רותאם", "ראותם", "Rotem"]},
    {"canonical": "עקיבא", "aliases": ["עקיבאא", "עאקיבא", "Akiva"]},
    {"canonical": "אייזנברג", "aliases": ["אייזנבורג", "אאיזנברג", "Eisenberg"]},
    {"canonical": "זילברמן", "aliases": ["זילברמאן", "זאילברמן", "Zilberman"]},
    {"canonical": "ליבוביץ", "aliases": ["ליבוביץ'", "לאיבוביץ", "Leibowitz"]},
    {"canonical": "הרשקוביץ", "aliases": ["הרשקוביץ'", "הארשקוביץ", "Hershkowitz"]},
    {"canonical": "מרקוביץ", "aliases": ["מרקוביץ'", "מארקוביץ", "Markowitz"]},
    {"canonical": "קצנלסון", "aliases": ["קצנלסאון", "קאצנלסון", "Katznelson"]},
    {"canonical": "בן-גוריון", "aliases": ["בן גוריון", "בנגוריון", "Ben-Gurion"]},
    {"canonical": "הרצל", "aliases": ["הארצל", "הרצאל", "Herzl"]},
    {"canonical": "ויצמן", "aliases": ["וייצמן", "ויצמאן", "Weizmann"]},
    {"canonical": "שרת", "aliases": ["שראת", "שארת", "Sharett"]},
    {"canonical": "בגין", "aliases": ["באגין", "בגאין", "Begin"]},
    {"canonical": "רבין", "aliases": ["ראבין", "רבאין", "Rabin"]},
    {"canonical": "פרס", "aliases": ["פארס", "פראס", "Peres"]},
    {"canonical": "נתניהו", "aliases": ["נתנייהו", "נאתניהו", "Netanyahu"]},
    {"canonical": "ברק", "aliases": ["בראק", "באראק", "Barak"]},
    {"canonical": "אולמרט", "aliases": ["אולמארט", "אאולמרט", "Olmert"]},
    {"canonical": "לפיד", "aliases": ["לאפיד", "לפאיד", "Lapid"]},
    {"canonical": "בנט", "aliases": ["באנט", "בנאט", "Bennett"]},
    {"canonical": "גנץ", "aliases": ["גאנץ", "גנאץ", "Gantz"]},
    {"canonical": "יחימוביץ", "aliases": ["יחימוביץ'", "יאחימוביץ", "Yachimovich"]},
    {"canonical": "שקד", "aliases": ["שקאד", "שאקד", "Shaked"]},
    {"canonical": "אלקין", "aliases": ["אלקאין", "אאלקין", "Elkin"]},
    {"canonical": "סער", "aliases": ["סעאר", "סאער", "Saar"]},
    {"canonical": "ליברמן", "aliases": ["ליברמאן", "לאיברמן", "Lieberman"]},
    {"canonical": "אטינגר", "aliases": ["אטינגאר", "אאטינגר", "Ettinger"]},
    {"canonical": "שטייניץ", "aliases": ["שטייניץ'", "שאטייניץ", "Steinitz"]},
    {"canonical": "כץ", "aliases": ["כאץ", "קץ", "Katz"]},
    {"canonical": "דרעי", "aliases": ["דרעאי", "דארעי", "Deri"]},
    {"canonical": "ליצמן", "aliases": ["ליצמאן", "לאיצמן", "Litzman"]},
    {"canonical": "גפני", "aliases": ["גפנאי", "גאפני", "Gafni"]},
    {"canonical": "סמוטריץ", "aliases": ["סמוטריץ'", "סאמוטריץ", "Smotrich"]},
    {"canonical": "בן גביר", "aliases": ["בן-גביר", "בנגביר", "Ben Gvir"]},
    {"canonical": "שחם", "aliases": ["שחאם", "שאחם", "Shaham"]},
    {"canonical": "לרמן", "aliases": ["לרמאן", "לארמן", "Lerman"]},
    {"canonical": "שטרן", "aliases": ["שטארן", "שאטרן", "Stern"]},
    {"canonical": "בלום", "aliases": ["בלואם", "באלום", "Bloom"]},
    {"canonical": "ברנדייס", "aliases": ["ברנדאייס", "בארנדייס", "Brandeis"]},
    {"canonical": "אינשטיין", "aliases": ["אינשטאיין", "אאינשטיין", "Einstein"]},
    {"canonical": "פרויד", "aliases": ["פרואיד", "פראויד", "Freud"]},
    {"canonical": "מרקס", "aliases": ["מארקס", "מרקאס", "Marx"]},
    {"canonical": "קפקא", "aliases": ["קאפקא", "קפקאא", "Kafka"]},
    {"canonical": "קורצוויל", "aliases": ["קורצוואיל", "קאורצוויל", "Kurzweil"]},
    {"canonical": "גוטמן", "aliases": ["גוטמאן", "גאוטמן", "Gutman"]},
    {"canonical": "הופמן", "aliases": ["הופמאן", "האופמן", "Hoffman"]},
    {"canonical": "זימרמן", "aliases": ["זימרמאן", "זאימרמן", "Zimmerman"]},
    {"canonical": "בירנבאום", "aliases": ["בירנבאאום", "באירנבאום", "Birnbaum"]},
    {"canonical": "קליינמן", "aliases": ["קליינמאן", "קאליינמן", "Kleinman"]},
    {"canonical": "ברקוביץ", "aliases": ["ברקוביץ'", "בארקוביץ", "Berkowitz"]},
    {"canonical": "אברמוביץ", "aliases": ["אברמוביץ'", "אאברמוביץ", "Abramowitz"]},
    {"canonical": "לוינסון", "aliases": ["לוינסאון", "לאוינסון", "Levinson"]},
    {"canonical": "אהרונוביץ", "aliases": ["אהרונוביץ'", "אאהרונוביץ", "Aharonowitz"]},
    {"canonical": "סלומון", "aliases": ["סלומאון", "סאלומון", "Solomon"]},
    {"canonical": "דוידוביץ", "aliases": ["דוידוביץ'", "דאוידוביץ", "Davidowitz"]},
    {"canonical": "יעקובוביץ", "aliases": ["יעקובוביץ'", "יאעקובוביץ", "Jakobowitz"]},
    {"canonical": "משולם", "aliases": ["משולאם", "מאשולם", "Meshulam"]},
    {"canonical": "נחמן", "aliases": ["נחמאן", "נאחמן", "Nachman"]},
    {"canonical": "זלמן", "aliases": ["זלמאן", "זאלמן", "Zalman"]},
    {"canonical": "פייגנבאום", "aliases": ["פייגנבאאום", "פאייגנבאום", "Feigenbaum"]},
    {"canonical": "רוזנבלט", "aliases": ["רוזנבלאט", "ראוזנבלט", "Rosenblatt"]},
    {"canonical": "גולדברג", "aliases": ["גולדבורג", "גאולדברג", "Goldberg"]},
    {"canonical": "זילברשטיין", "aliases": ["זילברשטאיין", "זאילברשטיין", "Zilberstein"]},
    {"canonical": "רייכמן", "aliases": ["רייכמאן", "ראייכמן", "Reichman"]},
    {"canonical": "וולף", "aliases": ["וואלף", "וולאף", "Wolf"]},
    {"canonical": "פוקס", "aliases": ["פוקאס", "פאוקס", "Fox", "Fuchs"]},
    {"canonical": "הירש", "aliases": ["הירשש", "האירש", "Hirsch"]},
    {"canonical": "בירנבום", "aliases": ["בירנבואם", "באירנבום", "Birnboim"]},
    {"canonical": "פינקלשטיין", "aliases": ["פינקלשטאיין", "פאינקלשטיין", "Finkelstein"]},
    {"canonical": "רבינוביץ", "aliases": ["רבינוביץ'", "ראבינוביץ", "Rabinowitz"]},
    {"canonical": "שוסטרמן", "aliases": ["שוסטרמאן", "שאוסטרמן", "Shusterman"]},
    {"canonical": "מילר", "aliases": ["מילאר", "מאילר", "Miller", "Mueller"]},
    {"canonical": "שמידט", "aliases": ["שמידאט", "שאמידט", "Schmidt"]},
    {"canonical": "פישר", "aliases": ["פישאר", "פאישר", "Fisher", "Fischer"]},
    {"canonical": "וגנר", "aliases": ["וגנאר", "ואגנר", "Wagner"]},
    {"canonical": "שולץ", "aliases": ["שולאץ", "שאולץ", "Schultz"]},
    {"canonical": "בקר", "aliases": ["באקר", "בקאר", "Becker"]},
    {"canonical": "מאייר", "aliases": ["מייאר", "מאאייר", "Meyer", "Mayer"]},
    {"canonical": "וולטר", "aliases": ["וולטאר", "ואלטר", "Walter"]},
    {"canonical": "הנסן", "aliases": ["הנסאן", "האנסן", "Hansen"]},
    {"canonical": "אנדרסון", "aliases": ["אנדרסאון", "אאנדרסון", "Anderson"]},
    {"canonical": "ג'ונסון", "aliases": ["גונסון", "ג'ונסאון", "Johnson"]},
    {"canonical": "ווילסון", "aliases": ["וילסון", "ווילסאון", "Wilson"]},
    {"canonical": "טיילור", "aliases": ["טיילאור", "טאיילור", "Taylor"]},
    {"canonical": "מרטין", "aliases": ["מרטאין", "מארטין", "Martin"]},
    {"canonical": "גרסיה", "aliases": ["גרסיא", "גארסיה", "Garcia"]},
    {"canonical": "מרטינז", "aliases": ["מרטינאז", "מארטינז", "Martinez"]},
    {"canonical": "רודריגז", "aliases": ["רודריגאז", "ראודריגז", "Rodriguez"]},
    {"canonical": "הרננדז", "aliases": ["הרננדאז", "הארננדז", "Hernandez"]},
    {"canonical": "לופז", "aliases": ["לופאז", "לאופז", "Lopez"]},
    {"canonical": "גונזלס", "aliases": ["גונזלאס", "גאונזלס", "Gonzales"]},
    {"canonical": "סנצ'ז", "aliases": ["סנצז", "סאנצ'ז", "Sanchez"]},
    {"canonical": "רמירז", "aliases": ["רמיראז", "ראמירז", "Ramirez"]},
    {"canonical": "טורס", "aliases": ["טוראס", "טאורס", "Torres"]},
    {"canonical": "פלורס", "aliases": ["פלוראס", "פאלורס", "Flores"]},
    {"canonical": "ריברה", "aliases": ["ריבראה", "ראיברה", "Rivera"]},
    {"canonical": "מורלס", "aliases": ["מורלאס", "מאורלס", "Morales"]},
    {"canonical": "אורטיז", "aliases": ["אורטיאז", "אאורטיז", "Ortiz"]},
    {"canonical": "גוטירז", "aliases": ["גוטיראז", "גאוטירז", "Gutierrez"]},
    {"canonical": "מנדוזה", "aliases": ["מנדוזאה", "מאנדוזה", "Mendoza"]},
    {"canonical": "רייס", "aliases": ["רייאס", "ראייס", "Reyes"]},
    {"canonical": "קרוז", "aliases": ["קרואז", "קאורז", "Cruz"]},
    {"canonical": "פרז", "aliases": ["פראז", "פארז", "Perez"]},
    {"canonical": "חימנז", "aliases": ["חימנאז", "חאימנז", "Jimenez"]},
    {"canonical": "דיאז", "aliases": ["דיאאז", "דאיאז", "Diaz"]},
    {"canonical": "רוזנפלד", "aliases": ["רוזנפלאד", "ראוזנפלד", "Rosenfeld"]},
    {"canonical": "ברגר", "aliases": ["ברגאר", "בארגר", "Berger"]},
    {"canonical": "קויפמן", "aliases": ["קויפמאן", "קאויפמן", "Kaufman"]},
    {"canonical": "זינגר", "aliases": ["זינגאר", "זאינגר", "Singer"]},
    {"canonical": "שניידר", "aliases": ["שניידאר", "שאניידר", "Schneider"]},
    {"canonical": "פרלמן", "aliases": ["פרלמאן", "פארלמן", "Perlman"]},
    {"canonical": "ברמן", "aliases": ["ברמאן", "בארמן", "Berman"]},
    {"canonical": "סילבר", "aliases": ["סילבאר", "סאילבר", "Silver"]},
    {"canonical": "גולדמן", "aliases": ["גולדמאן", "גאולדמן", "Goldman"]},
    {"canonical": "סטרן", "aliases": ["סטארן", "סאטרן", "Stern"]},
    {"canonical": "הלפרין", "aliases": ["הלפראין", "האלפרין", "Halperin"]},
    {"canonical": "קופרמן", "aliases": ["קופרמאן", "קאופרמן", "Kuperman"]},
    {"canonical": "אפשטיין", "aliases": ["אפשטאיין", "אאפשטיין", "Epstein"]},
    {"canonical": "גרוס", "aliases": ["גרואס", "גאורס", "Gross"]},
    {"canonical": "לוונשטיין", "aliases": ["לוונשטאיין", "לאוונשטיין", "Lowenstein"]},
    {"canonical": "ברלין", "aliases": ["ברלאין", "בארלין", "Berlin"]},
    {"canonical": "וינברג", "aliases": ["וינבורג", "ואינברג", "Weinberg"]},
    {"canonical": "לנג", "aliases": ["לאנג", "לנאג", "Lang"]},
    {"canonical": "קרמר", "aliases": ["קראמר", "קרמאר", "Kramer"]},
    {"canonical": "הרמן", "aliases": ["הרמאן", "הארמן", "Herman"]},
    {"canonical": "אדלר", "aliases": ["אדלאר", "אאדלר", "Adler"]}
  ]
}
