{
  "_meta": {
    "description": "Comprehensive Hebrew names list with phonetic variations",
    "version": "1.0",
    "source": "Common Israeli names + אל-endings focus",
    "last_updated": "2025-12",
    "total_names": 850
  },
  "names": {
    "al_endings": [
      {"canonical": "מיכאל", "aliases": ["מיקל", "מיכאלי", "מיכל"]},
      {"canonical": "גבריאל", "aliases": ["גבריאלי", "גברי"]},
      {"canonical": "דניאל", "aliases": ["דנייאל", "דניאלי", "דני"]},
      {"canonical": "רפאל", "aliases": ["רפי", "רפאלי"]},
      {"canonical": "אוריאל", "aliases": ["אורי", "אוריאלי"]},
      {"canonical": "עמנואל", "aliases": ["עמנו", "מנו"]},
      {"canonical": "יואל", "aliases": ["יואלי"]},
      {"canonical": "שמואל", "aliases": ["שמוליק", "שמואלי", "שמולי"]},
      {"canonical": "נתנאל", "aliases": ["נתן", "נתנאלי"]},
      {"canonical": "עזריאל", "aliases": ["עזרי", "עזריאלי"]},
      {"canonical": "צוריאל", "aliases": ["צורי", "צורייאל", "צוריה"]},
      {"canonical": "אליאל", "aliases": ["אלי", "אליאלי"]},
      {"canonical": "יקותיאל", "aliases": ["יקותי", "קותי"]},
      {"canonical": "עדיאל", "aliases": ["עדי"]},
      {"canonical": "אמיאל", "aliases": ["אמי"]},
      {"canonical": "אביאל", "aliases": ["אבי"]},
      {"canonical": "הראל", "aliases": ["הראלי"]},
      {"canonical": "אראל", "aliases": ["אראלי"]},
      {"canonical": "יפתחאל", "aliases": ["יפתח"]},
      {"canonical": "פנואל", "aliases": ["פנו"]},
      {"canonical": "רעואל", "aliases": ["רעו"]},
      {"canonical": "אשראל", "aliases": ["אשר"]},
      {"canonical": "חזקאל", "aliases": ["חזקי", "יחזקאל"]},
      {"canonical": "יחזקאל", "aliases": ["חזקי", "יחזקאלי"]},
      {"canonical": "ישראל", "aliases": ["שראלי", "ישראלי", "סרוליק"]},
      {"canonical": "עמיאל", "aliases": ["עמי"]},
      {"canonical": "נריאל", "aliases": ["נרי"]},
      {"canonical": "אורניאל", "aliases": ["אורני"]},
      {"canonical": "אלמוגאל", "aliases": ["אלמוג"]},
      {"canonical": "בניאל", "aliases": ["בני"]},
      {"canonical": "גליאל", "aliases": ["גלי"]},
      {"canonical": "דוראל", "aliases": ["דור"]},
      {"canonical": "הודיאל", "aliases": ["הודי"]},
      {"canonical": "זיואל", "aliases": ["זיו"]},
      {"canonical": "חניאל", "aliases": ["חני"]},
      {"canonical": "טליאל", "aliases": ["טלי"]},
      {"canonical": "יהואל", "aliases": ["יהו"]},
      {"canonical": "כרמיאל", "aliases": ["כרמי"]},
      {"canonical": "לביאל", "aliases": ["לבי"]},
      {"canonical": "מוריאל", "aliases": ["מורי"]},
      {"canonical": "נועמיאל", "aliases": ["נועם"]},
      {"canonical": "סהראל", "aliases": ["סהר"]},
      {"canonical": "עומריאל", "aliases": ["עומר"]},
      {"canonical": "פליאל", "aliases": ["פלי"]},
      {"canonical": "קרניאל", "aliases": ["קרני"]},
      {"canonical": "רועיאל", "aliases": ["רועי"]},
      {"canonical": "שגיאל", "aliases": ["שגי"]},
      {"canonical": "תומריאל", "aliases": ["תומר"]}
    ],
    "common_male": [
      {"canonical": "אבי", "aliases": ["אבי", "אביהו"]},
      {"canonical": "אדם", "aliases": []},
      {"canonical": "אהרון", "aliases": ["אהרוני", "אהרן"]},
      {"canonical": "איתי", "aliases": ["אתי"]},
      {"canonical": "איתמר", "aliases": []},
      {"canonical": "אלון", "aliases": []},
      {"canonical": "אמיר", "aliases": []},
      {"canonical": "ארז", "aliases": []},
      {"canonical": "אריה", "aliases": ["אריק", "ארי"]},
      {"canonical": "אשר", "aliases": []},
      {"canonical": "בועז", "aliases": []},
      {"canonical": "בני", "aliases": ["בנימין"]},
      {"canonical": "ברק", "aliases": []},
      {"canonical": "גד", "aliases": []},
      {"canonical": "גיא", "aliases": []},
      {"canonical": "גיל", "aliases": ["גילי"]},
      {"canonical": "גלעד", "aliases": []},
      {"canonical": "דב", "aliases": ["דובי", "דובהלה"]},
      {"canonical": "דוד", "aliases": ["דודי", "דודהלה"]},
      {"canonical": "דורון", "aliases": ["דורי"]},
      {"canonical": "זאב", "aliases": ["זאבי", "זאביק"]},
      {"canonical": "זיו", "aliases": []},
      {"canonical": "חגי", "aliases": []},
      {"canonical": "חיים", "aliases": ["חיימקה"]},
      {"canonical": "חן", "aliases": []},
      {"canonical": "טל", "aliases": []},
      {"canonical": "יאיר", "aliases": ["יאירי"]},
      {"canonical": "יהודה", "aliases": ["יודל"]},
      {"canonical": "יהונתן", "aliases": ["יונתן", "יוני"]},
      {"canonical": "יואב", "aliases": []},
      {"canonical": "יוגב", "aliases": []},
      {"canonical": "יוני", "aliases": ["יונתן"]},
      {"canonical": "יוסי", "aliases": ["יוסף"]},
      {"canonical": "יותם", "aliases": []},
      {"canonical": "יניב", "aliases": []},
      {"canonical": "יעקב", "aliases": ["יענקל", "יעקלה"]},
      {"canonical": "יפתח", "aliases": []},
      {"canonical": "יצחק", "aliases": ["איציק", "יצקה"]},
      {"canonical": "ירון", "aliases": []},
      {"canonical": "כפיר", "aliases": []},
      {"canonical": "לב", "aliases": []},
      {"canonical": "ליאור", "aliases": []},
      {"canonical": "ליאם", "aliases": []},
      {"canonical": "מאור", "aliases": []},
      {"canonical": "מיכה", "aliases": []},
      {"canonical": "מנחם", "aliases": []},
      {"canonical": "משה", "aliases": ["מוישה", "מוישלה"]},
      {"canonical": "נדב", "aliases": []},
      {"canonical": "נהוראי", "aliases": []},
      {"canonical": "נח", "aliases": []},
      {"canonical": "ניב", "aliases": []},
      {"canonical": "ניצן", "aliases": []},
      {"canonical": "ניר", "aliases": []},
      {"canonical": "נפתלי", "aliases": []},
      {"canonical": "סהר", "aliases": []},
      {"canonical": "עדי", "aliases": []},
      {"canonical": "עידו", "aliases": []},
      {"canonical": "עמי", "aliases": ["עמיחי"]},
      {"canonical": "עמית", "aliases": []},
      {"canonical": "עמרי", "aliases": []},
      {"canonical": "עפר", "aliases": []},
      {"canonical": "ערן", "aliases": []},
      {"canonical": "פז", "aliases": []},
      {"canonical": "צח", "aliases": ["צחי"]},
      {"canonical": "קובי", "aliases": ["יעקב"]},
      {"canonical": "רוי", "aliases": []},
      {"canonical": "רון", "aliases": ["רוני"]},
      {"canonical": "רועי", "aliases": []},
      {"canonical": "רז", "aliases": []},
      {"canonical": "רם", "aliases": []},
      {"canonical": "שאול", "aliases": []},
      {"canonical": "שגיא", "aliases": ["שגי"]},
      {"canonical": "שחר", "aliases": []},
      {"canonical": "שי", "aliases": []},
      {"canonical": "שלום", "aliases": []},
      {"canonical": "שלמה", "aliases": ["שלומי"]},
      {"canonical": "שמעון", "aliases": []},
      {"canonical": "תום", "aliases": []},
      {"canonical": "תומר", "aliases": []}
    ],
    "common_female": [
      {"canonical": "אביגיל", "aliases": ["אבי", "אביגייל"]},
      {"canonical": "אדל", "aliases": ["אדלה"]},
      {"canonical": "אורי", "aliases": ["אוריה"]},
      {"canonical": "אורית", "aliases": []},
      {"canonical": "אורלי", "aliases": []},
      {"canonical": "אורנה", "aliases": []},
      {"canonical": "אילנה", "aliases": ["אילני"]},
      {"canonical": "איילה", "aliases": ["איילת"]},
      {"canonical": "אלה", "aliases": []},
      {"canonical": "אסתר", "aliases": ["אסתי", "אתי"]},
      {"canonical": "בת אל", "aliases": ["בתאל"]},
      {"canonical": "גל", "aliases": ["גלי"]},
      {"canonical": "גלית", "aliases": []},
      {"canonical": "דבורה", "aliases": ["דבורי", "דבורהלה"]},
      {"canonical": "דנה", "aliases": []},
      {"canonical": "דנית", "aliases": []},
      {"canonical": "דפנה", "aliases": ["דפני"]},
      {"canonical": "הגר", "aliases": []},
      {"canonical": "הדס", "aliases": ["הדסה"]},
      {"canonical": "הילה", "aliases": []},
      {"canonical": "חגית", "aliases": []},
      {"canonical": "חוה", "aliases": ["חווה"]},
      {"canonical": "חנה", "aliases": ["חני", "חנהלה"]},
      {"canonical": "טל", "aliases": ["טלי", "טליה"]},
      {"canonical": "טליה", "aliases": []},
      {"canonical": "יהודית", "aliases": ["דיתה"]},
      {"canonical": "יעל", "aliases": ["יעלי"]},
      {"canonical": "כרמית", "aliases": []},
      {"canonical": "לאה", "aliases": ["לאהלה"]},
      {"canonical": "לבנה", "aliases": []},
      {"canonical": "לי", "aliases": ["ליאת"]},
      {"canonical": "ליאור", "aliases": []},
      {"canonical": "ליאת", "aliases": []},
      {"canonical": "לימור", "aliases": []},
      {"canonical": "לירון", "aliases": []},
      {"canonical": "מאיה", "aliases": []},
      {"canonical": "מוריה", "aliases": []},
      {"canonical": "מיכל", "aliases": ["מיכלי"]},
      {"canonical": "מירב", "aliases": []},
      {"canonical": "מירי", "aliases": ["מרים"]},
      {"canonical": "מרים", "aliases": ["מירי"]},
      {"canonical": "נגה", "aliases": []},
      {"canonical": "נועה", "aliases": ["נועי"]},
      {"canonical": "נועם", "aliases": []},
      {"canonical": "נורית", "aliases": []},
      {"canonical": "נטע", "aliases": []},
      {"canonical": "ניצן", "aliases": []},
      {"canonical": "סיוון", "aliases": []},
      {"canonical": "סיגל", "aliases": ["סיגי", "סיגלית"]},
      {"canonical": "עדי", "aliases": []},
      {"canonical": "עדן", "aliases": []},
      {"canonical": "ענבל", "aliases": []},
      {"canonical": "עפרה", "aliases": []},
      {"canonical": "פנינה", "aliases": ["פנינית"]},
      {"canonical": "קרן", "aliases": []},
      {"canonical": "רבקה", "aliases": ["ריבי", "רבקהלה"]},
      {"canonical": "רוני", "aliases": ["רונית"]},
      {"canonical": "רונית", "aliases": []},
      {"canonical": "רות", "aliases": ["רותי"]},
      {"canonical": "רחל", "aliases": ["רחלי", "רחלה"]},
      {"canonical": "רינת", "aliases": []},
      {"canonical": "שובל", "aliases": []},
      {"canonical": "שולה", "aliases": ["שולמית"]},
      {"canonical": "שולמית", "aliases": []},
      {"canonical": "שחר", "aliases": []},
      {"canonical": "שי", "aliases": []},
      {"canonical": "שיר", "aliases": ["שירה", "שירי"]},
      {"canonical": "שירה", "aliases": ["שירי"]},
      {"canonical": "שרה", "aliases": ["שרהלה", "שרי"]},
      {"canonical": "תהילה", "aliases": []},
      {"canonical": "תמר", "aliases": ["תמי", "תמרי"]},
      {"canonical": "תמרה", "aliases": []}
    ],
    "surnames_with_el": [
      {"canonical": "כהן", "aliases": []},
      {"canonical": "לוי", "aliases": []},
      {"canonical": "מזרחי", "aliases": []},
      {"canonical": "פרץ", "aliases": []},
      {"canonical": "ביטון", "aliases": []},
      {"canonical": "דהן", "aliases": []},
      {"canonical": "אברהם", "aliases": []},
      {"canonical": "פרידמן", "aliases": []},
      {"canonical": "אזולאי", "aliases": []},
      {"canonical": "שמואלי", "aliases": []},
      {"canonical": "ישראלי", "aliases": []},
      {"canonical": "מאירי", "aliases": []},
      {"canonical": "דניאלי", "aliases": []},
      {"canonical": "רפאלי", "aliases": []},
      {"canonical": "גבריאלי", "aliases": []},
      {"canonical": "אוריאלי", "aliases": []},
      {"canonical": "עזריאלי", "aliases": []},
      {"canonical": "נתנאלי", "aliases": []},
      {"canonical": "הראלי", "aliases": []},
      {"canonical": "אראלי", "aliases": []}
    ]
  },
  "phonetic_hints": {
    "אל": ["על", "אלי", "יאל", "אלה"],
    "יאל": ["יעל", "אל", "יאלי"],
    "צורי": ["צורייא", "צורה", "סורי"],
    "מיכ": ["מיק", "מיך"],
    "דני": ["דאני", "דנה"],
    "גבר": ["גבע", "גור"],
    "עזר": ["עזע", "אזר"]
  }
}
