{
  "_meta": {
    "description": "Comprehensive Israeli cities list with common variations and phonetic hints",
    "version": "2.0",
    "source": "CBS Israel + phonetic variations + BUILD 185 expansion",
    "last_updated": "2025-12",
    "total_cities": 250
  },
  "cities": [
    {"canonical": "תל אביב", "aliases": ["תל-אביב", "תל אביב יפו", "תל-אביב-יפו", "תא", "ת\"א", "תל אביב-יפו"]},
    {"canonical": "ירושלים", "aliases": ["י-ם", "ירושלם"]},
    {"canonical": "חיפה", "aliases": ["חפה"]},
    {"canonical": "באר שבע", "aliases": ["באר-שבע", "ב\"ש", "בש", "באר שבה"]},
    {"canonical": "ראשון לציון", "aliases": ["ראשון-לציון", "ראשל\"צ", "ראשלצ", "ראשון"]},
    {"canonical": "פתח תקווה", "aliases": ["פתח-תקווה", "פ\"ת", "פת", "פתח תקוה"]},
    {"canonical": "אשדוד", "aliases": ["אסדוד"]},
    {"canonical": "נתניה", "aliases": ["נתניא"]},
    {"canonical": "חולון", "aliases": []},
    {"canonical": "בני ברק", "aliases": ["בני-ברק", "בנ\"ב", "בנב"]},
    {"canonical": "רמת גן", "aliases": ["רמת-גן", "ר\"ג", "רג"]},
    {"canonical": "בת ים", "aliases": ["בת-ים", "בתים"]},
    {"canonical": "אשקלון", "aliases": ["אסקלון"]},
    {"canonical": "רחובות", "aliases": []},
    {"canonical": "הרצליה", "aliases": ["הרצלייה"]},
    {"canonical": "כפר סבא", "aliases": ["כפר-סבא", "כ\"ס", "כס"]},
    {"canonical": "חדרה", "aliases": []},
    {"canonical": "בית שמש", "aliases": ["בית-שמש", "ב\"ש", "בית שמס", "ביתשמש"]},
    {"canonical": "מודיעין", "aliases": ["מודיעין-מכבים-רעות", "מודיעין מכבים רעות", "מודיעין-מכבים"]},
    {"canonical": "נצרת", "aliases": ["נצרת עילית", "נאצרת"]},
    {"canonical": "לוד", "aliases": []},
    {"canonical": "רמלה", "aliases": []},
    {"canonical": "רעננה", "aliases": []},
    {"canonical": "הוד השרון", "aliases": ["הוד-השרון", "הודהשרון"]},
    {"canonical": "גבעתיים", "aliases": ["גבעתים"]},
    {"canonical": "קריית גת", "aliases": ["קריית-גת", "ק\"ג", "קג", "קרית גת"]},
    {"canonical": "קריית אתא", "aliases": ["קריית-אתא", "קרית אתא"]},
    {"canonical": "אילת", "aliases": ["אלת"]},
    {"canonical": "עכו", "aliases": ["עכה", "עכא"]},
    {"canonical": "נהריה", "aliases": []},
    {"canonical": "אום אל פחם", "aliases": ["אום אל-פחם", "אם אל פחם"]},
    {"canonical": "נס ציונה", "aliases": ["נס-ציונה"]},
    {"canonical": "רמת השרון", "aliases": ["רמת-השרון"]},
    {"canonical": "אלעד", "aliases": []},
    {"canonical": "קריית מוצקין", "aliases": ["קריית-מוצקין", "קרית מוצקין"]},
    {"canonical": "קריית ים", "aliases": ["קריית-ים", "קרית ים"]},
    {"canonical": "קריית ביאליק", "aliases": ["קריית-ביאליק", "קרית ביאליק"]},
    {"canonical": "טבריה", "aliases": ["טבריא"]},
    {"canonical": "עפולה", "aliases": []},
    {"canonical": "נצרת עילית", "aliases": ["נוף הגליל"]},
    {"canonical": "נוף הגליל", "aliases": ["נצרת עילית"]},
    {"canonical": "כרמיאל", "aliases": ["כרמיאל"]},
    {"canonical": "יבנה", "aliases": []},
    {"canonical": "טייבה", "aliases": ["טייבא"]},
    {"canonical": "צפת", "aliases": ["צפד"]},
    {"canonical": "אור יהודה", "aliases": ["אור-יהודה"]},
    {"canonical": "דימונה", "aliases": []},
    {"canonical": "בית שאן", "aliases": ["בית-שאן", "ביתשאן", "בית שן"]},
    {"canonical": "טירת הכרמל", "aliases": ["טירת-הכרמל", "טירת כרמל"]},
    {"canonical": "קריית שמונה", "aliases": ["קריית-שמונה", "ק\"ש", "קש", "קרית שמונה"]},
    {"canonical": "מעלות תרשיחא", "aliases": ["מעלות-תרשיחא", "מעלות"]},
    {"canonical": "ערד", "aliases": []},
    {"canonical": "סכנין", "aliases": []},
    {"canonical": "שפרעם", "aliases": []},
    {"canonical": "מגדל העמק", "aliases": ["מגדל-העמק", "מגדל העמק"]},
    {"canonical": "יהוד", "aliases": ["יהוד-מונוסון", "יהוד מונסון"]},
    {"canonical": "גבעת שמואל", "aliases": ["גבעת-שמואל"]},
    {"canonical": "קלנסווה", "aliases": ["קלנסוה"]},
    {"canonical": "טירה", "aliases": []},
    {"canonical": "נשר", "aliases": []},
    {"canonical": "קריית אונו", "aliases": ["קריית-אונו", "קרית אונו"]},
    {"canonical": "קריית מלאכי", "aliases": ["קריית-מלאכי", "קרית מלאכי"]},
    {"canonical": "עראבה", "aliases": []},
    {"canonical": "מג'דל שמס", "aliases": ["מגדל שמס"]},
    {"canonical": "בקה אל גרביה", "aliases": ["באקה אל גרביה", "בקה-אל-גרביה"]},
    {"canonical": "שדרות", "aliases": []},
    {"canonical": "אופקים", "aliases": []},
    {"canonical": "ג'סר א-זרקא", "aliases": ["ג'סר אזרקא", "גסר א זרקא"]},
    {"canonical": "בועיינה-נוג'ידאת", "aliases": ["בועינה נוג'ידאת"]},
    {"canonical": "כוכב יאיר", "aliases": ["כוכב-יאיר", "צור יגאל", "כוכב יער"]},
    {"canonical": "אור עקיבא", "aliases": ["אור-עקיבא"]},
    {"canonical": "טמרה", "aliases": []},
    {"canonical": "ביתר עילית", "aliases": ["ביתר-עילית"]},
    {"canonical": "גדרה", "aliases": []},
    {"canonical": "פרדס חנה כרכור", "aliases": ["פרדס חנה-כרכור", "פרדס חנה"]},
    {"canonical": "מעלה אדומים", "aliases": ["מעלה-אדומים"]},
    {"canonical": "קריית טבעון", "aliases": ["קריית-טבעון", "קרית טבעון"]},
    {"canonical": "זכרון יעקב", "aliases": ["זכרון-יעקב", "זכרון"]},
    {"canonical": "בנימינה", "aliases": ["בנימינה-גבעת עדה"]},
    {"canonical": "עתלית", "aliases": []},
    {"canonical": "כפר יונה", "aliases": ["כפר-יונה"]},
    {"canonical": "מזכרת בתיה", "aliases": []},
    {"canonical": "אבן יהודה", "aliases": ["אבן-יהודה"]},
    {"canonical": "כפר קאסם", "aliases": ["כפר-קאסם", "כפר קסם"]},
    {"canonical": "טורעאן", "aliases": []},
    {"canonical": "קרני שומרון", "aliases": ["קרני-שומרון"]},
    {"canonical": "אריאל", "aliases": []},
    {"canonical": "אלפי מנשה", "aliases": ["אלפי-מנשה"]},
    {"canonical": "גני תקווה", "aliases": ["גני-תקווה", "גני תקוה"]},
    {"canonical": "קדימה צורן", "aliases": ["קדימה-צורן", "קדימה"]},
    {"canonical": "יקנעם", "aliases": ["יקנעם עילית", "יקנעם"]},
    {"canonical": "כפר תבור", "aliases": ["כפר-תבור"]},
    {"canonical": "שוהם", "aliases": []},
    {"canonical": "ראש העין", "aliases": ["ראש-העין", "ראש העיין"]},
    {"canonical": "גבעת זאב", "aliases": ["גבעת-זאב"]},
    {"canonical": "אפרת", "aliases": []},
    {"canonical": "מיתר", "aliases": []},
    {"canonical": "עומר", "aliases": []},
    {"canonical": "להבים", "aliases": []},
    {"canonical": "מצפה רמון", "aliases": ["מצפה-רמון", "מצפה"]},
    {"canonical": "ירוחם", "aliases": []},
    {"canonical": "נתיבות", "aliases": []},
    {"canonical": "תל שבע", "aliases": ["תל-שבע"]},
    {"canonical": "ערערה בנגב", "aliases": ["ערערה-בנגב"]},
    {"canonical": "רהט", "aliases": []},
    {"canonical": "כסייפה", "aliases": []},
    {"canonical": "חורה", "aliases": []},
    {"canonical": "לקיה", "aliases": []},
    {"canonical": "שגב שלום", "aliases": ["שגב-שלום"]},
    {"canonical": "כפר ורדים", "aliases": ["כפר-ורדים"]},
    {"canonical": "עכברה", "aliases": []},
    {"canonical": "פקיעין", "aliases": []},
    {"canonical": "יסוד המעלה", "aliases": ["יסוד-המעלה"]},
    {"canonical": "ראש פינה", "aliases": ["ראש-פינה"]},
    {"canonical": "חצור הגלילית", "aliases": ["חצור-הגלילית", "חצור"]},
    {"canonical": "כנרת", "aliases": []},
    {"canonical": "מגדל", "aliases": []},
    {"canonical": "דגניה א", "aliases": ["דגניה-א"]},
    {"canonical": "דגניה ב", "aliases": ["דגניה-ב"]},
    {"canonical": "עין גב", "aliases": ["עין-גב"]},
    {"canonical": "בית זית", "aliases": ["בית-זית"]},
    {"canonical": "בית נקופה", "aliases": ["בית-נקופה"]},
    {"canonical": "אבו גוש", "aliases": ["אבו-גוש"]},
    {"canonical": "מבשרת ציון", "aliases": ["מבשרת-ציון"]},
    {"canonical": "צור הדסה", "aliases": ["צור-הדסה"]},
    {"canonical": "נווה דניאל", "aliases": ["נוה-דניאל", "נווה דנייאל"]},
    {"canonical": "אלון שבות", "aliases": ["אלון-שבות"]},
    {"canonical": "קרית ארבע", "aliases": ["קריית-ארבע", "קריית ארבע"]},
    {"canonical": "חברון", "aliases": []},
    {"canonical": "בית לחם", "aliases": ["בית-לחם"]},
    {"canonical": "שכם", "aliases": []},
    {"canonical": "רמאללה", "aliases": []},
    {"canonical": "ג'נין", "aliases": ["גנין"]},
    {"canonical": "טולכרם", "aliases": []},
    {"canonical": "קלקיליה", "aliases": []},
    {"canonical": "נבלוס", "aliases": []},
    {"canonical": "עזה", "aliases": []},
    {"canonical": "רפיח", "aliases": []},
    {"canonical": "ח'אן יונס", "aliases": ["חאן יונס"]},
    {"canonical": "בית חנון", "aliases": ["בית-חנון"]},
    {"canonical": "גבעת עדה", "aliases": ["גבעת-עדה"]},
    {"canonical": "אור הגנוז", "aliases": ["אור-הגנוז"]},
    {"canonical": "שלומי", "aliases": []},
    {"canonical": "גשר הזיו", "aliases": ["גשר-הזיו"]},
    {"canonical": "כברי", "aliases": []},
    {"canonical": "מצובה", "aliases": []},
    {"canonical": "בית העמק", "aliases": ["בית-העמק"]},
    {"canonical": "רגבה", "aliases": []},
    {"canonical": "יחיעם", "aliases": []},
    {"canonical": "לוחמי הגטאות", "aliases": ["לוחמי-הגטאות"]},
    {"canonical": "הסוללים", "aliases": []},
    {"canonical": "עין המפרץ", "aliases": ["עין-המפרץ"]},
    {"canonical": "שער העמקים", "aliases": ["שער-העמקים"]},
    {"canonical": "כפר מסריק", "aliases": ["כפר-מסריק"]},
    {"canonical": "בית אורן", "aliases": ["בית-אורן"]},
    {"canonical": "חופית", "aliases": []},
    {"canonical": "דור", "aliases": []},
    {"canonical": "פוריידיס", "aliases": []},
    {"canonical": "חריש", "aliases": []},
    {"canonical": "מאור", "aliases": []},
    {"canonical": "קיסריה", "aliases": ["קסריה"]},
    {"canonical": "אור עקיבא", "aliases": ["אור-עקיבא"]},
    {"canonical": "ברכה", "aliases": []},
    {"canonical": "יצהר", "aliases": []},
    {"canonical": "עלי", "aliases": []},
    {"canonical": "שילה", "aliases": []},
    {"canonical": "בית אל", "aliases": ["בית-אל"]},
    {"canonical": "עפרה", "aliases": []},
    {"canonical": "כוכב יעקב", "aliases": ["כוכב-יעקב"]},
    {"canonical": "פסגות", "aliases": []},
    {"canonical": "רימונים", "aliases": []},
    {"canonical": "אדם", "aliases": []},
    {"canonical": "מעלה מכמש", "aliases": ["מעלה-מכמש"]},
    {"canonical": "אלון", "aliases": []},
    {"canonical": "נעלה", "aliases": []},
    {"canonical": "כפר עציון", "aliases": ["כפר-עציון"]},
    {"canonical": "ביתר", "aliases": []},
    {"canonical": "תקוע", "aliases": []},
    {"canonical": "נוקדים", "aliases": []},
    {"canonical": "כרמל", "aliases": []},
    {"canonical": "מעון", "aliases": []},
    {"canonical": "סוסיא", "aliases": []},
    {"canonical": "שמעה", "aliases": []},
    {"canonical": "עטרת", "aliases": []},
    {"canonical": "גבע בנימין", "aliases": ["גבע-בנימין"]},
    {"canonical": "דולב", "aliases": []},
    {"canonical": "טלמון", "aliases": []},
    {"canonical": "נרייה", "aliases": []},
    {"canonical": "חשמונאים", "aliases": []},
    {"canonical": "מכבים", "aliases": []},
    {"canonical": "רעות", "aliases": []},
    {"canonical": "לפיד", "aliases": []},
    {"canonical": "בית מאיר", "aliases": ["בית-מאיר"]},
    {"canonical": "טל שחר", "aliases": ["טל-שחר"]},
    {"canonical": "צרעה", "aliases": []},
    {"canonical": "בית גוברין", "aliases": ["בית-גוברין"]},
    {"canonical": "לכיש", "aliases": []},
    {"canonical": "שדה דוד", "aliases": ["שדה-דוד"]},
    {"canonical": "גבעת ברנר", "aliases": ["גבעת-ברנר"]},
    {"canonical": "בית אלעזרי", "aliases": ["בית-אלעזרי"]},
    {"canonical": "נחל שורק", "aliases": ["נחל-שורק"]},
    {"canonical": "כפר מנחם", "aliases": ["כפר-מנחם"]},
    {"canonical": "עזריקם", "aliases": []},
    {"canonical": "ניר גלים", "aliases": ["ניר-גלים"]},
    {"canonical": "גן יבנה", "aliases": ["גן-יבנה"]},
    {"canonical": "אשדוד", "aliases": []},
    {"canonical": "ניצנים", "aliases": []},
    {"canonical": "גן רווה", "aliases": ["גן-רוה"]},
    {"canonical": "נחלה", "aliases": []},
    {"canonical": "כפר אחים", "aliases": ["כפר-אחים"]},
    {"canonical": "אביחיל", "aliases": []},
    {"canonical": "בית יצחק", "aliases": ["בית-יצחק"]},
    {"canonical": "גאולים", "aliases": []},
    {"canonical": "יד חנה", "aliases": ["יד-חנה"]},
    {"canonical": "עין שריד", "aliases": ["עין-שריד"]},
    {"canonical": "בית ברל", "aliases": ["בית-ברל"]},
    {"canonical": "תל מונד", "aliases": ["תל-מונד"]},
    {"canonical": "צופית", "aliases": []},
    {"canonical": "צור משה", "aliases": ["צור-משה"]},
    {"canonical": "רמות השבים", "aliases": ["רמות-השבים"]},
    {"canonical": "כפר הס", "aliases": ["כפר-הס"]},
    {"canonical": "תל יצחק", "aliases": ["תל-יצחק"]},
    {"canonical": "שפיים", "aliases": []},
    {"canonical": "יקום", "aliases": []},
    {"canonical": "רשפון", "aliases": []},
    {"canonical": "ארסוף", "aliases": []},
    {"canonical": "כפר שמריהו", "aliases": ["כפר-שמריהו"]},
    {"canonical": "תל אביב", "aliases": ["תל-אביב"]},
    {"canonical": "יפו", "aliases": ["יפא"]},
    {"canonical": "עזריאל", "aliases": []},
    {"canonical": "כפר ביל\"ו", "aliases": ["כפר בילו"]},
    {"canonical": "בית דגן", "aliases": ["בית-דגן"]},
    {"canonical": "כפר חב\"ד", "aliases": ["כפר חבד"]},
    {"canonical": "ישרש", "aliases": []},
    {"canonical": "מחסיה", "aliases": []},
    {"canonical": "בני עי\"ש", "aliases": ["בני עיש"]},
    {"canonical": "נחשון", "aliases": []},
    {"canonical": "הראל", "aliases": []},
    {"canonical": "שעלבים", "aliases": []},
    {"canonical": "חרות", "aliases": []},
    {"canonical": "צמח", "aliases": []},
    {"canonical": "כינרת", "aliases": ["כנרת"]},
    {"canonical": "גינוסר", "aliases": []},
    {"canonical": "מגדלא", "aliases": ["מגדל"]},
    {"canonical": "תבורי", "aliases": []},
    {"canonical": "פוריה", "aliases": []},
    {"canonical": "כפר כמא", "aliases": ["כפר-כמא"]},
    {"canonical": "עילבון", "aliases": []},
    {"canonical": "דבוריה", "aliases": []},
    {"canonical": "שבלי אום אל גנם", "aliases": ["שבלי-אום-אל-גנם"]},
    {"canonical": "דחי", "aliases": []},
    {"canonical": "מנחמיה", "aliases": []},
    {"canonical": "יבניאל", "aliases": []},
    {"canonical": "רמת מגשימים", "aliases": ["רמת-מגשימים"]},
    {"canonical": "כפר גדעון", "aliases": ["כפר-גדעון"]}
  ],
  "confusing_pairs": [
    {"cities": ["בית שמש", "בית שאן", "בת ים"], "hint": "בית שמש (ליד ירושלים), בית שאן (עמק הירדן), בת ים (ליד תל אביב)"},
    {"cities": ["בית שמש", "מצפה רמון"], "hint": "בית שמש (מרכז, ליד ירושלים), מצפה רמון (נגב, קצה הרמה)"},
    {"cities": ["ראשון לציון", "ראש העין"], "hint": "ראשון לציון (מרכז), ראש העין (מזרח)"},
    {"cities": ["רמת גן", "רמת השרון", "רמלה"], "hint": "רמת גן (ליד ת\"א), רמת השרון (שרון), רמלה (מרכז)"},
    {"cities": ["קריית גת", "קריית אתא", "קריית ים", "קריית שמונה"], "hint": "גת (דרום), אתא/ים (חיפה), שמונה (צפון)"},
    {"cities": ["הרצליה", "הרצלייה"], "hint": "איות תקני: הרצליה"},
    {"cities": ["נס ציונה", "ראשון לציון"], "hint": "נס ציונה (קטנה), ראשון לציון (גדולה)"},
    {"cities": ["בית דגן", "בית שאן", "בית שמש"], "hint": "דגן (מרכז), שאן (עמק הירדן), שמש (ירושלים)"},
    {"cities": ["כפר סבא", "כפר יונה", "כפר תבור"], "hint": "סבא (שרון), יונה (שרון צפוני), תבור (גליל)"},
    {"cities": ["מודיעין", "מודיעין מכבים רעות"], "hint": "אותה עיר - שני שמות"}
  ],
  "phonetic_hints": {
    "בית": ["בת", "בן", "ביית"],
    "שמש": ["שמס", "שמש", "שמשא"],
    "שאן": ["שן", "שאן", "שענ"],
    "רמון": ["רמונה", "רימון"],
    "מצפה": ["מצפא", "מספה"],
    "קריית": ["קרית", "קריה", "קריאת"],
    "גליל": ["גלל", "גליל"],
    "שרון": ["שרונה", "שרן"],
    "עמק": ["עמק", "אמק"]
  }
}
