{
  "_meta": {
    "description": "Comprehensive Israeli localities list - cities, towns, moshavim, kibbutzim, yishuvim",
    "version": "3.0",
    "source": "CBS Israel + phonetic variations + BUILD 186 comprehensive expansion",
    "last_updated": "2025-12",
    "total_entries": 1200
  },
  "cities": [
    {"canonical": "תל אביב", "aliases": ["תל-אביב", "תל אביב יפו", "תל-אביב-יפו", "תא", "ת\"א", "תל אביב-יפו", "Tel Aviv", "תלאביב"]},
    {"canonical": "ירושלים", "aliases": ["י-ם", "ירושלם", "Jerusalem", "ירושליים"]},
    {"canonical": "חיפה", "aliases": ["חפה", "Haifa", "חייפה"]},
    {"canonical": "באר שבע", "aliases": ["באר-שבע", "ב\"ש", "בש", "באר שבה", "Beer Sheva", "באר שבע", "בארשבע"]},
    {"canonical": "ראשון לציון", "aliases": ["ראשון-לציון", "ראשל\"צ", "ראשלצ", "ראשון", "Rishon Lezion", "ראשון לצ", "ראשון-לצ"]},
    {"canonical": "פתח תקווה", "aliases": ["פתח-תקווה", "פ\"ת", "פת", "פתח תקוה", "Petah Tikva", "פתחתקווה"]},
    {"canonical": "אשדוד", "aliases": ["אסדוד", "Ashdod", "אשדוד"]},
    {"canonical": "נתניה", "aliases": ["נתניא", "Netanya", "נתנייה"]},
    {"canonical": "חולון", "aliases": ["Holon", "חולאון"]},
    {"canonical": "בני ברק", "aliases": ["בני-ברק", "בנ\"ב", "בנב", "Bnei Brak", "בניברק"]},
    {"canonical": "רמת גן", "aliases": ["רמת-גן", "ר\"ג", "רג", "Ramat Gan", "רמתגן"]},
    {"canonical": "בת ים", "aliases": ["בת-ים", "בתים", "Bat Yam", "בת-ים"]},
    {"canonical": "אשקלון", "aliases": ["אסקלון", "Ashkelon", "אשקלאון"]},
    {"canonical": "רחובות", "aliases": ["Rehovot", "רחבות"]},
    {"canonical": "הרצליה", "aliases": ["הרצלייה", "Herzliya", "הרצליא"]},
    {"canonical": "כפר סבא", "aliases": ["כפר-סבא", "כ\"ס", "כס", "Kfar Saba", "כפרסבא"]},
    {"canonical": "חדרה", "aliases": ["Hadera", "חדירה"]},
    {"canonical": "בית שמש", "aliases": ["בית-שמש", "בית שמס", "ביתשמש", "Beit Shemesh", "בית-שמס", "בית שמ", "ביתשמס"]},
    {"canonical": "מודיעין", "aliases": ["מודיעין-מכבים-רעות", "מודיעין מכבים רעות", "מודיעין-מכבים", "Modiin", "מודעין"]},
    {"canonical": "נצרת", "aliases": ["נצרת עילית", "נאצרת", "Nazareth", "נצארת"]},
    {"canonical": "לוד", "aliases": ["Lod", "לאוד"]},
    {"canonical": "רמלה", "aliases": ["Ramla", "רמלא"]},
    {"canonical": "רעננה", "aliases": ["Raanana", "רענאנה"]},
    {"canonical": "הוד השרון", "aliases": ["הוד-השרון", "הודהשרון", "Hod Hasharon", "הוד-שרון"]},
    {"canonical": "גבעתיים", "aliases": ["גבעתים", "Givatayim", "גבעת-יים"]},
    {"canonical": "קריית גת", "aliases": ["קריית-גת", "ק\"ג", "קג", "קרית גת", "Kiryat Gat", "קריתגת"]},
    {"canonical": "קריית אתא", "aliases": ["קריית-אתא", "קרית אתא", "Kiryat Ata", "קריתאתא"]},
    {"canonical": "אילת", "aliases": ["אלת", "Eilat", "אילאת"]},
    {"canonical": "עכו", "aliases": ["עכה", "עכא", "Akko", "Acre", "עאכו"]},
    {"canonical": "נהריה", "aliases": ["Nahariya", "נהרייה"]},
    {"canonical": "אום אל פחם", "aliases": ["אום אל-פחם", "אם אל פחם", "Umm al-Fahm"]},
    {"canonical": "נס ציונה", "aliases": ["נס-ציונה", "Nes Ziona", "נסציונה"]},
    {"canonical": "רמת השרון", "aliases": ["רמת-השרון", "Ramat Hasharon", "רמתהשרון"]},
    {"canonical": "אלעד", "aliases": ["Elad", "אלעאד"]},
    {"canonical": "קריית מוצקין", "aliases": ["קריית-מוצקין", "קרית מוצקין", "Kiryat Motzkin"]},
    {"canonical": "קריית ים", "aliases": ["קריית-ים", "קרית ים", "Kiryat Yam", "קריתים"]},
    {"canonical": "קריית ביאליק", "aliases": ["קריית-ביאליק", "קרית ביאליק", "Kiryat Bialik"]},
    {"canonical": "טבריה", "aliases": ["טבריא", "Tiberias", "טיבריה"]},
    {"canonical": "עפולה", "aliases": ["Afula", "עפולא"]},
    {"canonical": "נוף הגליל", "aliases": ["נצרת עילית", "Nof Hagalil", "נוף-הגליל"]},
    {"canonical": "כרמיאל", "aliases": ["Karmiel", "כרמיאל"]},
    {"canonical": "יבנה", "aliases": ["Yavne", "יבנא"]},
    {"canonical": "טייבה", "aliases": ["טייבא", "Tayibe", "טייבע"]},
    {"canonical": "צפת", "aliases": ["צפד", "Safed", "Tzfat", "סאפד"]},
    {"canonical": "אור יהודה", "aliases": ["אור-יהודה", "Or Yehuda", "אוריהודה"]},
    {"canonical": "דימונה", "aliases": ["Dimona", "דימונא"]},
    {"canonical": "בית שאן", "aliases": ["בית-שאן", "ביתשאן", "בית שן", "Beit Shean", "ביתשן", "בית-שן"]},
    {"canonical": "טירת הכרמל", "aliases": ["טירת-הכרמל", "טירת כרמל", "Tirat Carmel"]},
    {"canonical": "קריית שמונה", "aliases": ["קריית-שמונה", "ק\"ש", "קש", "קרית שמונה", "Kiryat Shmona"]},
    {"canonical": "מעלות תרשיחא", "aliases": ["מעלות-תרשיחא", "מעלות", "Maalot Tarshiha"]},
    {"canonical": "ערד", "aliases": ["Arad", "עראד"]},
    {"canonical": "סכנין", "aliases": ["Sakhnin", "סאכנין"]},
    {"canonical": "שפרעם", "aliases": ["Shfaram", "שפראעם"]},
    {"canonical": "מגדל העמק", "aliases": ["מגדל-העמק", "Migdal Haemek"]},
    {"canonical": "יהוד", "aliases": ["יהוד-מונוסון", "יהוד מונסון", "Yehud"]},
    {"canonical": "גבעת שמואל", "aliases": ["גבעת-שמואל", "Givat Shmuel"]},
    {"canonical": "קלנסווה", "aliases": ["קלנסוה", "Kalanswa"]},
    {"canonical": "טירה", "aliases": ["Tira", "טירא"]},
    {"canonical": "נשר", "aliases": ["Nesher", "נאשר"]},
    {"canonical": "קריית אונו", "aliases": ["קריית-אונו", "קרית אונו", "Kiryat Ono"]},
    {"canonical": "קריית מלאכי", "aliases": ["קריית-מלאכי", "קרית מלאכי", "Kiryat Malachi"]},
    {"canonical": "עראבה", "aliases": ["Arraba", "עראבא"]},
    {"canonical": "מג'דל שמס", "aliases": ["מגדל שמס", "Majdal Shams"]},
    {"canonical": "בקה אל גרביה", "aliases": ["באקה אל גרביה", "בקה-אל-גרביה", "Baqa al-Gharbiyye"]},
    {"canonical": "שדרות", "aliases": ["Sderot", "סדרות"]},
    {"canonical": "אופקים", "aliases": ["Ofakim", "אופקים"]},
    {"canonical": "ג'סר א-זרקא", "aliases": ["ג'סר אזרקא", "גסר א זרקא", "Jisr az-Zarqa"]},
    {"canonical": "בועיינה-נוג'ידאת", "aliases": ["בועינה נוג'ידאת", "Bueine Nujeidat"]},
    {"canonical": "כוכב יאיר", "aliases": ["כוכב-יאיר", "צור יגאל", "כוכב יער", "Kokhav Yair"]},
    {"canonical": "אור עקיבא", "aliases": ["אור-עקיבא", "Or Akiva"]},
    {"canonical": "טמרה", "aliases": ["Tamra", "טאמרה"]},
    {"canonical": "ביתר עילית", "aliases": ["ביתר-עילית", "Beitar Illit"]},
    {"canonical": "גדרה", "aliases": ["Gedera", "גדירה"]},
    {"canonical": "פרדס חנה כרכור", "aliases": ["פרדס חנה-כרכור", "פרדס חנה", "Pardes Hanna Karkur"]},
    {"canonical": "מעלה אדומים", "aliases": ["מעלה-אדומים", "Maale Adumim"]},
    {"canonical": "קריית טבעון", "aliases": ["קריית-טבעון", "קרית טבעון", "Kiryat Tivon"]},
    {"canonical": "זכרון יעקב", "aliases": ["זכרון-יעקב", "זכרון", "Zichron Yaakov"]},
    {"canonical": "בנימינה", "aliases": ["בנימינה-גבעת עדה", "Binyamina"]},
    {"canonical": "עתלית", "aliases": ["Atlit", "עתליט"]},
    {"canonical": "כפר יונה", "aliases": ["כפר-יונה", "Kfar Yona"]},
    {"canonical": "מזכרת בתיה", "aliases": ["Mazkeret Batya"]},
    {"canonical": "אבן יהודה", "aliases": ["אבן-יהודה", "Even Yehuda"]},
    {"canonical": "כפר קאסם", "aliases": ["כפר-קאסם", "כפר קסם", "Kafr Qasim"]},
    {"canonical": "טורעאן", "aliases": ["Turan", "טוראן"]},
    {"canonical": "קרני שומרון", "aliases": ["קרני-שומרון", "Karnei Shomron"]},
    {"canonical": "אריאל", "aliases": ["Ariel", "אריאל"]},
    {"canonical": "אלפי מנשה", "aliases": ["אלפי-מנשה", "Alfei Menashe"]},
    {"canonical": "גני תקווה", "aliases": ["גני-תקווה", "גני תקוה", "Ganei Tikva"]},
    {"canonical": "קדימה צורן", "aliases": ["קדימה-צורן", "קדימה", "Kadima Zoran"]},
    {"canonical": "יקנעם", "aliases": ["יקנעם עילית", "Yokneam"]},
    {"canonical": "כפר תבור", "aliases": ["כפר-תבור", "Kfar Tavor"]},
    {"canonical": "שוהם", "aliases": ["Shoham", "שוהאם"]},
    {"canonical": "ראש העין", "aliases": ["ראש-העין", "ראש העיין", "Rosh Haayin"]},
    {"canonical": "גבעת זאב", "aliases": ["גבעת-זאב", "Givat Zeev"]},
    {"canonical": "אפרת", "aliases": ["Efrat", "אפראת"]},
    {"canonical": "מיתר", "aliases": ["Meitar", "מיטר"]},
    {"canonical": "עומר", "aliases": ["Omer", "עומאר"]},
    {"canonical": "להבים", "aliases": ["Lehavim", "להאבים"]},
    {"canonical": "מצפה רמון", "aliases": ["מצפה-רמון", "מצפה", "Mitzpe Ramon", "מצפה רממון", "מצפ\"ר"]},
    {"canonical": "ירוחם", "aliases": ["Yeruham", "ירוחאם"]},
    {"canonical": "נתיבות", "aliases": ["Netivot", "נתיבאות"]},
    {"canonical": "תל שבע", "aliases": ["תל-שבע", "Tel Sheva"]},
    {"canonical": "ערערה בנגב", "aliases": ["ערערה-בנגב", "Arara BaNegev"]},
    {"canonical": "רהט", "aliases": ["Rahat", "רהאט"]},
    {"canonical": "כסייפה", "aliases": ["Kuseife", "כסיפה"]},
    {"canonical": "חורה", "aliases": ["Hura", "חורא"]},
    {"canonical": "לקיה", "aliases": ["Lakia", "לקייה"]},
    {"canonical": "שגב שלום", "aliases": ["שגב-שלום", "Segev Shalom"]},
    {"canonical": "כפר ורדים", "aliases": ["כפר-ורדים", "Kfar Vradim"]},
    {"canonical": "עכברה", "aliases": ["Akbara"]},
    {"canonical": "פקיעין", "aliases": ["Pekiin", "פקיעאין"]},
    {"canonical": "יסוד המעלה", "aliases": ["יסוד-המעלה", "Yesud Hamaala"]},
    {"canonical": "ראש פינה", "aliases": ["ראש-פינה", "Rosh Pina"]},
    {"canonical": "חצור הגלילית", "aliases": ["חצור-הגלילית", "חצור", "Hazor Haglilit"]},
    {"canonical": "כנרת", "aliases": ["Kinneret", "כינרת"]},
    {"canonical": "בית דגן", "aliases": ["בית-דגן", "ביתדגן", "Beit Dagan", "בית-דגאן"]},
    {"canonical": "כפר שמריהו", "aliases": ["כפר-שמריהו", "Kfar Shmaryahu"]},
    {"canonical": "סביון", "aliases": ["Savyon", "שביון"]},
    {"canonical": "כוכב יעקב", "aliases": ["כוכב-יעקב", "Kokhav Yaakov"]},
    {"canonical": "אלקנה", "aliases": ["Elkana", "אלקאנה"]},
    {"canonical": "עמנואל", "aliases": ["Emanuel", "עמנואל"]},
    {"canonical": "קדומים", "aliases": ["Kedumim", "קדומאים"]},
    {"canonical": "גבע בנימין", "aliases": ["גבע-בנימין", "Geva Binyamin", "אדם"]},
    {"canonical": "עלי", "aliases": ["Eli", "עאלי"]},
    {"canonical": "שילה", "aliases": ["Shilo", "שילא"]},
    {"canonical": "עפרה", "aliases": ["Ofra", "עופרה"]},
    {"canonical": "בית אל", "aliases": ["בית-אל", "Beit El", "ביתאל"]},
    {"canonical": "פסגות", "aliases": ["Psagot"]},
    {"canonical": "תקוע", "aliases": ["Tekoa"]},
    {"canonical": "נוקדים", "aliases": ["Nokdim"]},
    {"canonical": "כרמל", "aliases": ["Carmel"]},
    {"canonical": "מעון", "aliases": ["Maon"]},
    {"canonical": "סוסיא", "aliases": ["Susya", "סוסייא"]},
    {"canonical": "קריית ארבע", "aliases": ["קריית-ארבע", "קרית ארבע", "Kiryat Arba"]},
    {"canonical": "חברון", "aliases": ["Hebron", "חבראון"]},
    {"canonical": "גוש עציון", "aliases": ["גוש-עציון", "Gush Etzion"]},
    {"canonical": "אלון שבות", "aliases": ["אלון-שבות", "Alon Shvut"]},
    {"canonical": "נווה דניאל", "aliases": ["נווה-דניאל", "Neve Daniel"]},
    {"canonical": "בת עין", "aliases": ["בת-עין", "Bat Ayin"]},
    {"canonical": "כפר עציון", "aliases": ["כפר-עציון", "Kfar Etzion"]},
    {"canonical": "ראש צורים", "aliases": ["ראש-צורים", "Rosh Tzurim"]},
    {"canonical": "מגדל עוז", "aliases": ["מגדל-עוז", "Migdal Oz"]},
    {"canonical": "חשמונאים", "aliases": ["Hashmonaim"]},
    {"canonical": "מתתיהו", "aliases": ["Mattityahu", "מתתיאהו"]},
    {"canonical": "מודיעין עילית", "aliases": ["מודיעין-עילית", "Modiin Illit"]},
    {"canonical": "טלמון", "aliases": ["Talmon"]},
    {"canonical": "דולב", "aliases": ["Dolev"]},
    {"canonical": "נעלה", "aliases": ["Naale"]},
    {"canonical": "בית אריה", "aliases": ["בית-אריה", "Beit Arye"]},
    {"canonical": "עטרת", "aliases": ["Ateret"]},
    {"canonical": "גבעון החדשה", "aliases": ["גבעון-החדשה", "Givon Hahadasha"]},
    {"canonical": "מבשרת ציון", "aliases": ["מבשרת-ציון", "Mevaseret Zion", "מבשרת"]},
    {"canonical": "מוצא עילית", "aliases": ["מוצא-עילית", "Motza Illit"]},
    {"canonical": "אבו גוש", "aliases": ["Abu Ghosh", "אבו-גוש"]},
    {"canonical": "בית זית", "aliases": ["בית-זית", "Beit Zayit"]},
    {"canonical": "נטף", "aliases": ["Nataf"]},
    {"canonical": "קריית יערים", "aliases": ["קריית-יערים", "קרית יערים", "Kiryat Yearim"]},
    {"canonical": "צור הדסה", "aliases": ["צור-הדסה", "Tzur Hadassa"]},
    {"canonical": "בית שמש", "aliases": ["בית-שמש", "Beit Shemesh"]},
    {"canonical": "רמת בית שמש", "aliases": ["רמת-בית-שמש", "Ramat Beit Shemesh"]},
    {"canonical": "עין כרם", "aliases": ["עין-כרם", "Ein Kerem"]},
    {"canonical": "גילה", "aliases": ["Gilo"]},
    {"canonical": "פסגת זאב", "aliases": ["פסגת-זאב", "Pisgat Zeev"]},
    {"canonical": "נווה יעקב", "aliases": ["נווה-יעקב", "Neve Yaakov"]},
    {"canonical": "רמות", "aliases": ["Ramot"]},
    {"canonical": "הר נוף", "aliases": ["הר-נוף", "Har Nof"]},
    {"canonical": "גבעת שאול", "aliases": ["גבעת-שאול", "Givat Shaul"]},
    {"canonical": "בית הכרם", "aliases": ["בית-הכרם", "Beit Hakerem"]},
    {"canonical": "קטמון", "aliases": ["Katamon"]},
    {"canonical": "תלפיות", "aliases": ["Talpiot"]},
    {"canonical": "ארמון הנציב", "aliases": ["ארמון-הנציב", "Armon Hanatziv"]},
    {"canonical": "עיר גנים", "aliases": ["עיר-גנים", "Ir Ganim"]},
    {"canonical": "מלחה", "aliases": ["Malha"]},
    {"canonical": "בית וגן", "aliases": ["בית-וגן", "Beit Vagan"]},
    {"canonical": "קריית משה", "aliases": ["קריית-משה", "Kiryat Moshe"]},
    {"canonical": "רחביה", "aliases": ["Rehavia"]},
    {"canonical": "טלביה", "aliases": ["Talbieh", "טלבייה"]},
    {"canonical": "ימין משה", "aliases": ["ימין-משה", "Yemin Moshe"]},
    {"canonical": "משכנות שאננים", "aliases": ["Mishkenot Shaananim"]},
    {"canonical": "העיר העתיקה", "aliases": ["Old City"]},
    {"canonical": "מאה שערים", "aliases": ["מאה-שערים", "Mea Shearim"]},
    {"canonical": "גאולה", "aliases": ["Geula"]},
    {"canonical": "בית ישראל", "aliases": ["בית-ישראל", "Beit Yisrael"]},
    {"canonical": "שמעון הצדיק", "aliases": ["Sheikh Jarrah"]},
    {"canonical": "נחלת שבעה", "aliases": ["Nahalat Shiva"]},
    {"canonical": "מחנה יהודה", "aliases": ["מחנה-יהודה", "Mahane Yehuda"]},
    {"canonical": "אבני חן", "aliases": ["Avnei Hen"]},
    {"canonical": "יורם", "aliases": ["Yoram"]},
    {"canonical": "נווה מונוסון", "aliases": ["נווה-מונוסון", "Neve Monosson"]},
    {"canonical": "גנות", "aliases": ["Ganot"]},
    {"canonical": "כפר חב\"ד", "aliases": ["כפר-חב\"ד", "Kfar Chabad"]},
    {"canonical": "כפר גבירול", "aliases": ["כפר-גבירול", "Kfar Gabirol"]},
    {"canonical": "עזריאלי", "aliases": ["Azrieli"]},
    {"canonical": "אזור", "aliases": ["Azor"]},
    {"canonical": "יפו", "aliases": ["Jaffa", "יאפו"]},
    {"canonical": "פלורנטין", "aliases": ["Florentin"]},
    {"canonical": "נווה צדק", "aliases": ["נווה-צדק", "Neve Tzedek"]},
    {"canonical": "לב תל אביב", "aliases": ["Downtown Tel Aviv"]},
    {"canonical": "רמת אביב", "aliases": ["רמת-אביב", "Ramat Aviv"]},
    {"canonical": "הדר יוסף", "aliases": ["הדר-יוסף", "Hadar Yosef"]},
    {"canonical": "צפון תל אביב", "aliases": ["North Tel Aviv"]},
    {"canonical": "דרום תל אביב", "aliases": ["South Tel Aviv"]},
    {"canonical": "שכונת התקווה", "aliases": ["Hatikva"]},
    {"canonical": "כפר שלם", "aliases": ["Kfar Shalem"]},
    {"canonical": "יד אליהו", "aliases": ["יד-אליהו", "Yad Eliyahu"]},
    {"canonical": "נחלת יצחק", "aliases": ["נחלת-יצחק", "Nahalat Yitzhak"]},
    {"canonical": "שפירא", "aliases": ["Shapira"]},
    {"canonical": "נווה שאנן", "aliases": ["נווה-שאנן", "Neve Shaanan"]},
    {"canonical": "קריית ארנונה", "aliases": ["קריית-ארנונה", "Kiryat Arnona"]},
    {"canonical": "קרית אריה", "aliases": ["קרית-אריה", "Kiryat Arye"]},
    {"canonical": "כפר גנים", "aliases": ["כפר-גנים", "Kfar Ganim"]},
    {"canonical": "גבעת הסלע", "aliases": ["גבעת-הסלע", "Givat Hasela"]},
    {"canonical": "גבעת רם", "aliases": ["גבעת-רם", "Givat Ram"]},
    {"canonical": "הגיחון", "aliases": ["Hagihon"]},
    {"canonical": "קטמונים", "aliases": ["Katamonim"]},
    {"canonical": "גונן", "aliases": ["Gonen"]},
    {"canonical": "בקעה", "aliases": ["Bakaa"]},
    {"canonical": "אורות", "aliases": ["Orot"]},
    {"canonical": "אזור התעשייה", "aliases": ["Industrial Area"]},
    {"canonical": "מרכז העיר", "aliases": ["City Center"]},
    {"canonical": "קריית חינוך", "aliases": ["קריית-חינוך", "Kiryat Hinuch"]},
    {"canonical": "שיכון דן", "aliases": ["Shikun Dan"]},
    {"canonical": "נווה אליעזר", "aliases": ["נווה-אליעזר", "Neve Eliezer"]},
    {"canonical": "נווה עופר", "aliases": ["נווה-עופר", "Neve Ofer"]},
    {"canonical": "כפר אז\"ר", "aliases": ["כפר-אזר", "Kfar Azar"]},
    {"canonical": "הרצליה פיתוח", "aliases": ["הרצליה-פיתוח", "Herzliya Pituach"]},
    {"canonical": "נווה דוד", "aliases": ["נווה-דוד", "Neve David"]},
    {"canonical": "אחוזה", "aliases": ["Ahuza"]},
    {"canonical": "כרמל מרכז", "aliases": ["Central Carmel"]},
    {"canonical": "כרמליה", "aliases": ["Carmeliya"]},
    {"canonical": "דניה", "aliases": ["Danya"]},
    {"canonical": "הדר הכרמל", "aliases": ["הדר-הכרמל", "Hadar Hacarmel"]},
    {"canonical": "ואדי ניסנס", "aliases": ["Wadi Nisnas"]},
    {"canonical": "עיר תחתית", "aliases": ["Lower City"]},
    {"canonical": "נווה שאנן חיפה", "aliases": ["נווה-שאנן-חיפה", "Neve Shaanan Haifa"]},
    {"canonical": "קריית אליעזר", "aliases": ["קריית-אליעזר", "Kiryat Eliezer"]},
    {"canonical": "קריית חיים", "aliases": ["קריית-חיים", "Kiryat Haim"]},
    {"canonical": "קריית שפרינצק", "aliases": ["Kiryat Sprinzak"]},
    {"canonical": "בת גלים", "aliases": ["בת-גלים", "Bat Galim"]},
    {"canonical": "שער עליה", "aliases": ["Shaar Aliya"]},
    {"canonical": "חליסה", "aliases": ["Halisa"]},
    {"canonical": "נווה יוסף", "aliases": ["נווה-יוסף", "Neve Yosef"]},
    {"canonical": "רמת עמידר", "aliases": ["רמת-עמידר", "Ramat Amidar"]},
    {"canonical": "קריית יוסף", "aliases": ["קריית-יוסף", "Kiryat Yosef"]},
    {"canonical": "נאות אפקה", "aliases": ["נאות-אפקה", "Neot Afeka"]},
    {"canonical": "נחלת גנים", "aliases": ["נחלת-גנים", "Nahalat Ganim"]},
    {"canonical": "כפר גולדה", "aliases": ["כפר-גולדה", "Kfar Golda"]},
    {"canonical": "קריית נורדאו", "aliases": ["קריית-נורדאו", "Kiryat Nordau"]},
    {"canonical": "מעוז", "aliases": ["Maoz"]},
    {"canonical": "דרום רעננה", "aliases": ["South Raanana"]},
    {"canonical": "צפון רעננה", "aliases": ["North Raanana"]},
    {"canonical": "נווה זמר", "aliases": ["נווה-זמר", "Neve Zemer"]},
    {"canonical": "כפר הירוקה", "aliases": ["כפר-הירוקה", "Kfar Hayarok"]},
    {"canonical": "גליל ים", "aliases": ["גליל-ים", "Glil Yam"]},
    {"canonical": "שפיים", "aliases": ["Shefayim"]},
    {"canonical": "געש", "aliases": ["Gaash"]},
    {"canonical": "ארסוף", "aliases": ["Arsuf"]},
    {"canonical": "מכמורת", "aliases": ["Michmoret"]},
    {"canonical": "בית ינאי", "aliases": ["בית-ינאי", "Beit Yanai"]},
    {"canonical": "עין שריד", "aliases": ["עין-שריד", "Ein Sarid"]},
    {"canonical": "צופית", "aliases": ["Tzofit"]},
    {"canonical": "תל מונד", "aliases": ["תל-מונד", "Tel Mond"]},
    {"canonical": "קלחים", "aliases": ["Kalahim"]},
    {"canonical": "גבעת חן", "aliases": ["גבעת-חן", "Givat Hen"]},
    {"canonical": "רמות השבים", "aliases": ["רמות-השבים", "Ramot Hashavim"]},
    {"canonical": "תל יצחק", "aliases": ["תל-יצחק", "Tel Yitzhak"]},
    {"canonical": "כפר נטר", "aliases": ["כפר-נטר", "Kfar Neter"]},
    {"canonical": "הוד השרון מערב", "aliases": ["West Hod Hasharon"]},
    {"canonical": "רמתיים", "aliases": ["Ramatayim"]},
    {"canonical": "גבעת הקנאים", "aliases": ["גבעת-הקנאים", "Givat Hakanaim"]},
    {"canonical": "יגאל", "aliases": ["Yigal"]},
    {"canonical": "פארק תעשיות רעננה", "aliases": ["Raanana Industrial Park"]},
    {"canonical": "כפר הרא\"ה", "aliases": ["כפר-הראה", "Kfar Haroeh"]},
    {"canonical": "גבעת השלושה", "aliases": ["גבעת-השלושה", "Givat Hashlosha"]},
    {"canonical": "יד חנה", "aliases": ["יד-חנה", "Yad Hana"]},
    {"canonical": "רמתים", "aliases": ["Ramatayim"]},
    {"canonical": "נורדיה", "aliases": ["Nordiya"]},
    {"canonical": "שערי תקווה", "aliases": ["שערי-תקווה", "Shaarei Tikva"]},
    {"canonical": "עינב", "aliases": ["Einav"]},
    {"canonical": "צופים", "aliases": ["Tzofim"]},
    {"canonical": "אלישמע", "aliases": ["Elyashama"]},
    {"canonical": "שער שומרון", "aliases": ["שער-שומרון", "Shaar Shomron"]},
    {"canonical": "ינוב", "aliases": ["Yanuv"]},
    {"canonical": "אלון מורה", "aliases": ["אלון-מורה", "Alon Moreh"]},
    {"canonical": "איתמר", "aliases": ["Itamar"]},
    {"canonical": "יצהר", "aliases": ["Yitzhar"]},
    {"canonical": "ברכה", "aliases": ["Bracha"]},
    {"canonical": "חוות גלעד", "aliases": ["חוות-גלעד", "Havat Gilad"]},
    {"canonical": "הר ברכה", "aliases": ["הר-ברכה", "Har Bracha"]},
    {"canonical": "עלי זהב", "aliases": ["עלי-זהב", "Alei Zahav"]},
    {"canonical": "פדואל", "aliases": ["Peduel"]},
    {"canonical": "עץ אפרים", "aliases": ["עץ-אפרים", "Etz Efraim"]},
    {"canonical": "כפר סירקין", "aliases": ["כפר-סירקין", "Kfar Sirkin"]},
    {"canonical": "עינת", "aliases": ["Einat"]},
    {"canonical": "גבעת עדה", "aliases": ["גבעת-עדה", "Givat Ada"]},
    {"canonical": "אליכין", "aliases": ["Elyakhin"]},
    {"canonical": "בית הלל", "aliases": ["בית-הלל", "Beit Hillel"]},
    {"canonical": "מרום גולן", "aliases": ["מרום-גולן", "Merom Golan"]},
    {"canonical": "קצרין", "aliases": ["Katzrin"]},
    {"canonical": "חד נס", "aliases": ["חד-נס", "Had Nes"]},
    {"canonical": "עין זיוון", "aliases": ["עין-זיוון", "Ein Zivan"]},
    {"canonical": "רמות נפתלי", "aliases": ["רמות-נפתלי", "Ramot Naftali"]},
    {"canonical": "דפנה", "aliases": ["Dafna"]},
    {"canonical": "אילון", "aliases": ["Elon"]},
    {"canonical": "מחניים", "aliases": ["Mahanayim"]},
    {"canonical": "מגידו", "aliases": ["Megiddo"]},
    {"canonical": "עין דור", "aliases": ["עין-דור", "Ein Dor"]},
    {"canonical": "אלונים", "aliases": ["Alonim"]},
    {"canonical": "יפעת", "aliases": ["Yifat"]},
    {"canonical": "כדורי", "aliases": ["Kadoorie"]},
    {"canonical": "סדה יעקב", "aliases": ["סדה-יעקב", "Sde Yaakov"]},
    {"canonical": "ציפורי", "aliases": ["Tzipori"]},
    {"canonical": "משהד", "aliases": ["Mashhad"]},
    {"canonical": "ריינה", "aliases": ["Reineh"]},
    {"canonical": "איכסאל", "aliases": ["Iksal"]},
    {"canonical": "כפר כנא", "aliases": ["כפר-כנא", "Kafr Kanna"]},
    {"canonical": "דבוריה", "aliases": ["Daburiyya"]},
    {"canonical": "נוף הגליל", "aliases": ["Nof Hagalil", "נצרת עילית"]},
    {"canonical": "הגושרים", "aliases": ["Hagoshrim"]},
    {"canonical": "גונן", "aliases": ["Gonen"]},
    {"canonical": "חולתה", "aliases": ["Hulata"]},
    {"canonical": "יסוד המעלה", "aliases": ["Yesod Hamaala"]},
    {"canonical": "מחניים", "aliases": ["Mahanayim"]},
    {"canonical": "עמיר", "aliases": ["Amir"]},
    {"canonical": "כפר סאלד", "aliases": ["כפר-סאלד", "Kfar Szold"]},
    {"canonical": "שאר ישוב", "aliases": ["שאר-ישוב", "Shear Yashuv"]},
    {"canonical": "בית הלל", "aliases": ["בית-הלל", "Beit Hillel"]},
    {"canonical": "מנרה", "aliases": ["Manara"]},
    {"canonical": "עבדון", "aliases": ["Avdon"]},
    {"canonical": "כברי", "aliases": ["Kabri"]},
    {"canonical": "שלומי", "aliases": ["Shlomi"]},
    {"canonical": "בצת", "aliases": ["Betzet"]},
    {"canonical": "ראש הנקרה", "aliases": ["ראש-הנקרה", "Rosh Hanikra"]},
    {"canonical": "לימן", "aliases": ["Liman"]},
    {"canonical": "יחיעם", "aliases": ["Yehiam"]},
    {"canonical": "געתון", "aliases": ["Gaaton"]},
    {"canonical": "לוחמי הגטאות", "aliases": ["לוחמי-הגטאות", "Lohamei Hagetaot"]},
    {"canonical": "אושה", "aliases": ["Usha"]},
    {"canonical": "רכסים", "aliases": ["Rekhasim"]},
    {"canonical": "אלון הגליל", "aliases": ["אלון-הגליל", "Alon Hagalil"]},
    {"canonical": "יפיע", "aliases": ["Yafie"]},
    {"canonical": "כפר מנדא", "aliases": ["כפר-מנדא", "Kafr Manda"]},
    {"canonical": "ג'דיידה-מכר", "aliases": ["ג'דידה-מכר", "Judeida-Makr"]},
    {"canonical": "יקנעם", "aliases": ["Yokneam"]},
    {"canonical": "יקנעם עילית", "aliases": ["יקנעם-עילית", "Yokneam Illit"]},
    {"canonical": "דלית אל כרמל", "aliases": ["דלית אל-כרמל", "Daliyat al-Karmel"]},
    {"canonical": "עוספיה", "aliases": ["Isfiya", "עוספייא"]},
    {"canonical": "פוריידיס", "aliases": ["Fureidis"]},
    {"canonical": "ג'סר א-זרקא", "aliases": ["Jisr az-Zarqa"]},
    {"canonical": "אום אל פחם", "aliases": ["אום אל-פחם", "Umm al-Fahm"]},
    {"canonical": "בסמה", "aliases": ["Basma"]},
    {"canonical": "מעלות", "aliases": ["Maalot", "מעלות-תרשיחא"]},
    {"canonical": "שלומי", "aliases": ["Shlomi"]},
    {"canonical": "חנתון", "aliases": ["Hannaton"]},
    {"canonical": "שריד", "aliases": ["Sarid"]},
    {"canonical": "הזורעים", "aliases": ["Hazorim"]},
    {"canonical": "גבת", "aliases": ["Givat"]},
    {"canonical": "מרחביה", "aliases": ["Merhavia"]},
    {"canonical": "בית שערים", "aliases": ["בית-שערים", "Beit Shearim"]},
    {"canonical": "רמת ישי", "aliases": ["רמת-ישי", "Ramat Yishai"]},
    {"canonical": "נהלל", "aliases": ["Nahalal"]},
    {"canonical": "תמרת", "aliases": ["Timrat"]},
    {"canonical": "כעביה-טבאש-חג'אג'רה", "aliases": ["Kaabiye-Tabbash-Hajajre"]},
    {"canonical": "מרכז ספיר", "aliases": ["מרכז-ספיר", "Sapir Center"]},
    {"canonical": "יהל", "aliases": ["Yahel"]},
    {"canonical": "לוטן", "aliases": ["Lotan"]},
    {"canonical": "סמר", "aliases": ["Samar"]},
    {"canonical": "אילות", "aliases": ["Eilot"]},
    {"canonical": "קטורה", "aliases": ["Ketura"]},
    {"canonical": "גרופית", "aliases": ["Grofit"]},
    {"canonical": "פארן", "aliases": ["Paran"]},
    {"canonical": "בארות יצחק", "aliases": ["בארות-יצחק", "Beerot Yitzhak"]},
    {"canonical": "יד בנימין", "aliases": ["יד-בנימין", "Yad Binyamin"]},
    {"canonical": "קיבוץ גלויות", "aliases": ["קיבוץ-גלויות", "Kibbutz Galuyot"]},
    {"canonical": "כפר אחים", "aliases": ["כפר-אחים", "Kfar Ahim"]},
    {"canonical": "עזריקם", "aliases": ["Azrikam"]},
    {"canonical": "כפר הנגיד", "aliases": ["כפר-הנגיד", "Kfar Hanagid"]},
    {"canonical": "גן יבנה", "aliases": ["גן-יבנה", "Gan Yavne"]},
    {"canonical": "קוממיות", "aliases": ["Komemiyyut"]},
    {"canonical": "כפר הרי\"ף", "aliases": ["Kfar Harif"]},
    {"canonical": "ישרש", "aliases": ["Yesharesh"]},
    {"canonical": "כרם יבנה", "aliases": ["כרם-יבנה", "Kerem Yavne"]},
    {"canonical": "בני עי\"ש", "aliases": ["בני-עיש", "Bnei Ayish"]},
    {"canonical": "חצור", "aliases": ["Hatzor"]},
    {"canonical": "גבעתי", "aliases": ["Givati"]},
    {"canonical": "עידן", "aliases": ["Idan"]},
    {"canonical": "נווה מדבר", "aliases": ["נווה-מדבר", "Neve Midbar"]},
    {"canonical": "טללים", "aliases": ["Tlalim"]},
    {"canonical": "שדה בוקר", "aliases": ["שדה-בוקר", "Sde Boker"]},
    {"canonical": "מדרשת בן גוריון", "aliases": ["Ben Gurion Institute"]},
    {"canonical": "עזוז", "aliases": ["Ezuz"]},
    {"canonical": "ניצנה", "aliases": ["Nitzana"]},
    {"canonical": "ברור חיל", "aliases": ["ברור-חיל", "Beror Hayil"]},
    {"canonical": "שובל", "aliases": ["Shuval"]},
    {"canonical": "גבולות", "aliases": ["Gevulot"]},
    {"canonical": "רעים", "aliases": ["Reim"]},
    {"canonical": "כפר עזה", "aliases": ["כפר-עזה", "Kfar Aza"]},
    {"canonical": "נחל עוז", "aliases": ["נחל-עוז", "Nahal Oz"]},
    {"canonical": "סעד", "aliases": ["Saad"]},
    {"canonical": "ארז", "aliases": ["Erez"]},
    {"canonical": "יד מרדכי", "aliases": ["יד-מרדכי", "Yad Mordechai"]},
    {"canonical": "כרמיה", "aliases": ["Karmiya"]},
    {"canonical": "זיקים", "aliases": ["Zikim"]},
    {"canonical": "ניר עם", "aliases": ["ניר-עם", "Nir Am"]},
    {"canonical": "ניר יצחק", "aliases": ["ניר-יצחק", "Nir Yitzhak"]},
    {"canonical": "כיסופים", "aliases": ["Kissufim"]},
    {"canonical": "עין השלושה", "aliases": ["עין-השלושה", "Ein Hashlosha"]},
    {"canonical": "בארי", "aliases": ["Beeri"]},
    {"canonical": "אשכול", "aliases": ["Eshkol"]},
    {"canonical": "תלמי יוסף", "aliases": ["תלמי-יוסף", "Talme Yosef"]},
    {"canonical": "פרי גן", "aliases": ["פרי-גן", "Pri Gan"]},
    {"canonical": "משואות יצחק", "aliases": ["משואות-יצחק", "Mesuot Yitzhak"]},
    {"canonical": "ניר עוז", "aliases": ["ניר-עוז", "Nir Oz"]},
    {"canonical": "סופה", "aliases": ["Sufa"]},
    {"canonical": "חולית", "aliases": ["Holit"]},
    {"canonical": "כמהין", "aliases": ["Kamhin"]},
    {"canonical": "קדש ברנע", "aliases": ["קדש-ברנע", "Kadesh Barnea"]},
    {"canonical": "גבים", "aliases": ["Gavim"]},
    {"canonical": "אשלים", "aliases": ["Ashalim"]},
    {"canonical": "משאבי שדה", "aliases": ["משאבי-שדה", "Mashabei Sadeh"]},
    {"canonical": "רביבים", "aliases": ["Revivim"]},
    {"canonical": "חצרים", "aliases": ["Hatzerim"]},
    {"canonical": "דבירה", "aliases": ["Dvira"]},
    {"canonical": "גילת", "aliases": ["Gilat"]},
    {"canonical": "דקלה", "aliases": ["Dekla"]},
    {"canonical": "שומריה", "aliases": ["Shomriya"]},
    {"canonical": "תפרח", "aliases": ["Tifrah"]},
    {"canonical": "חלוצה", "aliases": ["Haluza"]},
    {"canonical": "גינתון", "aliases": ["Ginaton"]},
    {"canonical": "בית אלעזרי", "aliases": ["בית-אלעזרי", "Beit Elazari"]},
    {"canonical": "מזרעה", "aliases": ["Mazrea"]},
    {"canonical": "אביחיל", "aliases": ["Avihayil"]},
    {"canonical": "נורית", "aliases": ["Nurit"]},
    {"canonical": "בית יהושע", "aliases": ["בית-יהושע", "Beit Yehoshua"]},
    {"canonical": "שרונה", "aliases": ["Sharona"]},
    {"canonical": "רשפון", "aliases": ["Rishpon"]},
    {"canonical": "אודים", "aliases": ["Udim"]},
    {"canonical": "חפר", "aliases": ["Hefer"]},
    {"canonical": "עמק חפר", "aliases": ["עמק-חפר", "Emek Hefer"]},
    {"canonical": "גאולים", "aliases": ["Geulim"]},
    {"canonical": "שדה ורבורג", "aliases": ["שדה-ורבורג", "Sde Warburg"]},
    {"canonical": "עין ורד", "aliases": ["עין-ורד", "Ein Vered"]},
    {"canonical": "בורגתה", "aliases": ["Burgata"]},
    {"canonical": "חרות", "aliases": ["Herut"]},
    {"canonical": "ניצני עוז", "aliases": ["ניצני-עוז", "Nitzanei Oz"]},
    {"canonical": "תנובות", "aliases": ["Tnuvot"]},
    {"canonical": "כוכב מיכאל", "aliases": ["כוכב-מיכאל", "Kokhav Michael"]},
    {"canonical": "מכמורת", "aliases": ["Mikhmoret"]},
    {"canonical": "עין איילה", "aliases": ["עין-איילה", "Ein Ayala"]},
    {"canonical": "כפר פינס", "aliases": ["כפר-פינס", "Kfar Pines"]},
    {"canonical": "קיבוץ מעברות", "aliases": ["קיבוץ-מעברות", "Kibbutz Maavarat"]},
    {"canonical": "מעברות", "aliases": ["Maavarat"]},
    {"canonical": "מישר", "aliases": ["Mishar"]},
    {"canonical": "תלמי אלעזר", "aliases": ["תלמי-אלעזר", "Talme Elazar"]},
    {"canonical": "בית חירות", "aliases": ["בית-חירות", "Beit Herut"]},
    {"canonical": "זמר", "aliases": ["Zemer"]},
    {"canonical": "רגבה", "aliases": ["Regba"]},
    {"canonical": "אביעזר", "aliases": ["Aviezer"]},
    {"canonical": "אשתאול", "aliases": ["Eshtaol"]},
    {"canonical": "צלפון", "aliases": ["Tzalafon"]},
    {"canonical": "בית מאיר", "aliases": ["בית-מאיר", "Beit Meir"]},
    {"canonical": "שואבה", "aliases": ["Shoeva"]},
    {"canonical": "מבוא חורון", "aliases": ["מבוא-חורון", "Mevo Horon"]},
    {"canonical": "נטף", "aliases": ["Nataf"]},
    {"canonical": "קרית ענבים", "aliases": ["קרית-ענבים", "Kiryat Anavim"]},
    {"canonical": "מעלה החמישה", "aliases": ["מעלה-החמישה", "Maale Hahamisha"]},
    {"canonical": "נחשון", "aliases": ["Nahshon"]},
    {"canonical": "הראל", "aliases": ["Harel"]},
    {"canonical": "שריגים", "aliases": ["Srigim"]},
    {"canonical": "לי-און", "aliases": ["לי-און", "Li-On"]},
    {"canonical": "נחם", "aliases": ["Naham"]},
    {"canonical": "עין נקובא", "aliases": ["עין-נקובא", "Ein Nakuba"]},
    {"canonical": "יד השמונה", "aliases": ["יד-השמונה", "Yad Hashmona"]},
    {"canonical": "גבעת יערים", "aliases": ["גבעת-יערים", "Givat Yearim"]},
    {"canonical": "הר אדר", "aliases": ["הר-אדר", "Har Adar"]},
    {"canonical": "גבעון", "aliases": ["Givon"]},
    {"canonical": "בית חורון", "aliases": ["בית-חורון", "Beit Horon"]},
    {"canonical": "מודיעין עילית", "aliases": ["מודיעין-עילית", "Modiin Illit"]},
    {"canonical": "ברקת", "aliases": ["Bareket"]},
    {"canonical": "מתן", "aliases": ["Matan"]},
    {"canonical": "נוף איילון", "aliases": ["נוף-איילון", "Nof Ayalon"]},
    {"canonical": "פדיה", "aliases": ["Pdaya"]},
    {"canonical": "מחסיה", "aliases": ["Mahseya"]},
    {"canonical": "רעות", "aliases": ["Reut"]},
    {"canonical": "תעוז", "aliases": ["Taoz"]},
    {"canonical": "יערה", "aliases": ["Yaara"]},
    {"canonical": "מתנ\"ס", "aliases": ["MATNAS"]},
    {"canonical": "מגורים", "aliases": ["Megurim"]},
    {"canonical": "נופים", "aliases": ["Nofim"]},
    {"canonical": "זנוח", "aliases": ["Zanoah"]},
    {"canonical": "עגור", "aliases": ["Agur"]},
    {"canonical": "צפרירים", "aliases": ["Tzafririm"]},
    {"canonical": "אדרת", "aliases": ["Aderet"]},
    {"canonical": "נווה שלום", "aliases": ["נווה-שלום", "Neve Shalom"]},
    {"canonical": "לטרון", "aliases": ["Latrun"]},
    {"canonical": "נחשונים", "aliases": ["Nahshonim"]},
    {"canonical": "געזר", "aliases": ["Gezer"]},
    {"canonical": "בית שקמה", "aliases": ["בית-שקמה", "Beit Shikma"]},
    {"canonical": "קדרון", "aliases": ["Kidron"]},
    {"canonical": "מצליח", "aliases": ["Matzliah"]},
    {"canonical": "תימורים", "aliases": ["Timorim"]},
    {"canonical": "חפץ חיים", "aliases": ["חפץ-חיים", "Hafetz Haim"]},
    {"canonical": "קבוצת יבנה", "aliases": ["קבוצת-יבנה", "Kvutzat Yavne"]},
    {"canonical": "גן שלמה", "aliases": ["גן-שלמה", "Gan Shlomo"]},
    {"canonical": "גיאה", "aliases": ["Gea"]},
    {"canonical": "כפר אביב", "aliases": ["כפר-אביב", "Kfar Aviv"]},
    {"canonical": "בית עזרא", "aliases": ["בית-עזרא", "Beit Ezra"]},
    {"canonical": "שתולים", "aliases": ["Shtulim"]},
    {"canonical": "מלאה", "aliases": ["Milea"]},
    {"canonical": "אבשלום", "aliases": ["Avshalom"]},
    {"canonical": "נירן", "aliases": ["Niran"]},
    {"canonical": "משמר הנגב", "aliases": ["משמר-הנגב", "Mishmar Hanegev"]},
    {"canonical": "בית קמה", "aliases": ["בית-קמה", "Beit Kama"]},
    {"canonical": "לכיש", "aliases": ["Lachish"]},
    {"canonical": "נגוהות", "aliases": ["Negohot"]},
    {"canonical": "מבואות בית\"ר", "aliases": ["Mevoot Beitar"]},
    {"canonical": "אורנית", "aliases": ["Oranit"]},
    {"canonical": "עץ אפרים", "aliases": ["עץ-אפרים", "Etz Ephraim"]},
    {"canonical": "שער תקווה", "aliases": ["שער-תקווה", "Shaar Tikva"]},
    {"canonical": "לפיד", "aliases": ["Lapid"]},
    {"canonical": "חריש", "aliases": ["Harish"]},
    {"canonical": "פרדסיה", "aliases": ["Pardesiya"]},
    {"canonical": "עזריאל", "aliases": ["Azriel"]},
    {"canonical": "מעונה", "aliases": ["Maona"]},
    {"canonical": "כפר בלום", "aliases": ["כפר-בלום", "Kfar Blum"]},
    {"canonical": "שדה אליהו", "aliases": ["שדה-אליהו", "Sde Eliyahu"]},
    {"canonical": "עין הנציב", "aliases": ["עין-הנציב", "Ein Hanatziv"]},
    {"canonical": "נווה אור", "aliases": ["נווה-אור", "Neve Ur"]},
    {"canonical": "בית זרע", "aliases": ["בית-זרע", "Beit Zera"]},
    {"canonical": "דגניה א", "aliases": ["דגניה-א", "Degania Alef"]},
    {"canonical": "דגניה ב", "aliases": ["דגניה-ב", "Degania Bet"]},
    {"canonical": "כינרת", "aliases": ["Kinneret"]},
    {"canonical": "גינוסר", "aliases": ["Ginosar"]},
    {"canonical": "מגדל", "aliases": ["Migdal"]},
    {"canonical": "כורזים", "aliases": ["Korazim"]},
    {"canonical": "עמיעד", "aliases": ["Amiad"]},
    {"canonical": "לביא", "aliases": ["Lavi"]},
    {"canonical": "ארבל", "aliases": ["Arbel"]},
    {"canonical": "כפר זיתים", "aliases": ["כפר-זיתים", "Kfar Zeitim"]},
    {"canonical": "אלמגור", "aliases": ["Almagor"]},
    {"canonical": "גדות", "aliases": ["Gadot"]},
    {"canonical": "איילת השחר", "aliases": ["איילת-השחר", "Ayelet Hashahar"]},
    {"canonical": "מעין ברוך", "aliases": ["מעין-ברוך", "Maayan Baruch"]},
    {"canonical": "שמיר", "aliases": ["Shamir"]},
    {"canonical": "בית אלפא", "aliases": ["בית-אלפא", "Beit Alfa"]},
    {"canonical": "רשפים", "aliases": ["Reshafim"]},
    {"canonical": "מעוז חיים", "aliases": ["מעוז-חיים", "Maoz Haim"]},
    {"canonical": "טירת צבי", "aliases": ["טירת-צבי", "Tirat Zvi"]},
    {"canonical": "עין הנציב", "aliases": ["עין-הנציב", "Ein Hanatziv"]},
    {"canonical": "נווה איתן", "aliases": ["נווה-איתן", "Neve Eitan"]},
    {"canonical": "חמדיה", "aliases": ["Hamdiya"]},
    {"canonical": "שלוחות", "aliases": ["Shluhot"]},
    {"canonical": "רחוב", "aliases": ["Rehov"]},
    {"canonical": "מסילות", "aliases": ["Mesilot"]},
    {"canonical": "גשר", "aliases": ["Gesher"]},
    {"canonical": "הזורע", "aliases": ["Hazorea"]},
    {"canonical": "רמת השופט", "aliases": ["רמת-השופט", "Ramat Hashofet"]},
    {"canonical": "מגל", "aliases": ["Meghal"]},
    {"canonical": "דליה", "aliases": ["Daliya"]},
    {"canonical": "אלפים", "aliases": ["Alpayim"]},
    {"canonical": "עין השופט", "aliases": ["עין-השופט", "Ein Hashofet"]},
    {"canonical": "ברקאי", "aliases": ["Barkai"]},
    {"canonical": "גן שמואל", "aliases": ["גן-שמואל", "Gan Shmuel"]},
    {"canonical": "מגן שאול", "aliases": ["מגן-שאול", "Magen Shaul"]},
    {"canonical": "כפר גליקסון", "aliases": ["כפר-גליקסון", "Kfar Glikson"]},
    {"canonical": "זרחיה", "aliases": ["Zerahya"]},
    {"canonical": "גזית", "aliases": ["Gazit"]},
    {"canonical": "מזרע", "aliases": ["Mizra"]},
    {"canonical": "תל עדשים", "aliases": ["תל-עדשים", "Tel Adashim"]},
    {"canonical": "בלפוריה", "aliases": ["Balfouriya"]},
    {"canonical": "גניגר", "aliases": ["Ginnegar"]},
    {"canonical": "כפר יהושע", "aliases": ["כפר-יהושע", "Kfar Yehoshua"]},
    {"canonical": "מושבה כנרת", "aliases": ["מושבה-כנרת", "Moshava Kinneret"]},
    {"canonical": "פוריה נווה עובד", "aliases": ["Poriya Neve Oved"]},
    {"canonical": "פוריה עילית", "aliases": ["פוריה-עילית", "Poriya Illit"]},
    {"canonical": "כפר תבור", "aliases": ["כפר-תבור", "Kfar Tavor"]},
    {"canonical": "שבלי", "aliases": ["Shibli"]},
    {"canonical": "אום אל גנם", "aliases": ["Umm al-Ghanam"]},
    {"canonical": "עילוט", "aliases": ["Ilut"]},
    {"canonical": "ציפורי", "aliases": ["Tzipori"]},
    {"canonical": "הושעיה", "aliases": ["Hoshaaya"]},
    {"canonical": "מורשת", "aliases": ["Moreshet"]},
    {"canonical": "עדי", "aliases": ["Adi"]},
    {"canonical": "הרדוף", "aliases": ["Harduf"]},
    {"canonical": "בית לחם הגלילית", "aliases": ["בית-לחם-הגלילית", "Beit Lehem Haglilit"]},
    {"canonical": "מגדל", "aliases": ["Migdal"]},
    {"canonical": "חוקוק", "aliases": ["Hukok"]},
    {"canonical": "עמיעד", "aliases": ["Amiad"]},
    {"canonical": "בית שערים", "aliases": ["בית-שערים", "Beit Shearim"]},
    {"canonical": "נהלל", "aliases": ["Nahalal"]},
    {"canonical": "שריד", "aliases": ["Sarid"]},
    {"canonical": "גבעת אלה", "aliases": ["גבעת-אלה", "Givat Ela"]},
    {"canonical": "אחוזת ברק", "aliases": ["אחוזת-ברק", "Ahuzat Barak"]},
    {"canonical": "מחנה ישראל", "aliases": ["מחנה-ישראל", "Mahane Israel"]},
    {"canonical": "ניר דוד", "aliases": ["ניר-דוד", "Nir David"]},
    {"canonical": "שדי תרומות", "aliases": ["שדי-תרומות", "Sdey Trumot"]},
    {"canonical": "שלפים", "aliases": ["Shelifim"]},
    {"canonical": "תאשור", "aliases": ["Taashur"]},
    {"canonical": "שובה", "aliases": ["Shuva"]},
    {"canonical": "בית הגדי", "aliases": ["בית-הגדי", "Beit Hagdi"]},
    {"canonical": "עומרים", "aliases": ["Omarim"]},
    {"canonical": "שוקדה", "aliases": ["Shokeda"]},
    {"canonical": "אורים", "aliases": ["Urim"]},
    {"canonical": "מבועים", "aliases": ["Mevoim"]},
    {"canonical": "נבטים", "aliases": ["Navtim"]},
    {"canonical": "פטיש", "aliases": ["Patish"]},
    {"canonical": "ניר עקיבא", "aliases": ["ניר-עקיבא", "Nir Akiva"]},
    {"canonical": "שרשרת", "aliases": ["Sharsheret"]},
    {"canonical": "דורות", "aliases": ["Dorot"]},
    {"canonical": "גבעולים", "aliases": ["Givulim"]},
    {"canonical": "שובה", "aliases": ["Shuva"]},
    {"canonical": "נחוש", "aliases": ["Nahush"]},
    {"canonical": "תושיה", "aliases": ["Tushiya"]},
    {"canonical": "אשבול", "aliases": ["Eshbol"]},
    {"canonical": "מגן", "aliases": ["Magen"]},
    {"canonical": "נצר סרני", "aliases": ["נצר-סרני", "Netzer Sereni"]},
    {"canonical": "בית חנן", "aliases": ["בית-חנן", "Beit Hanan"]},
    {"canonical": "אחיסמך", "aliases": ["Ahisamach"]},
    {"canonical": "צופייה", "aliases": ["Tzofiya"]},
    {"canonical": "כפר נטר", "aliases": ["כפר-נטר", "Kfar Neter"]},
    {"canonical": "ינוב", "aliases": ["Yanuv"]},
    {"canonical": "צפריה", "aliases": ["Tzafriya"]},
    {"canonical": "כפר בילו", "aliases": ["כפר-בילו", "Kfar Bilu"]},
    {"canonical": "צרעה", "aliases": ["Tzora"]},
    {"canonical": "הררית", "aliases": ["Hararit"]},
    {"canonical": "יודפת", "aliases": ["Yodfat"]}
  ],
  "confusing_pairs": [
    {"city1": "בית שמש", "city2": "מצפה רמון", "warning": "very_different"},
    {"city1": "בית שמש", "city2": "בית שאן", "warning": "phonetically_similar"},
    {"city1": "בית שמש", "city2": "בת ים", "warning": "prefix_similar"},
    {"city1": "בית שאן", "city2": "בית דגן", "warning": "prefix_similar"},
    {"city1": "בית דגן", "city2": "בת ים", "warning": "phonetically_similar"},
    {"city1": "תל אביב", "city2": "תל שבע", "warning": "prefix_similar"},
    {"city1": "כפר סבא", "city2": "כפר יונה", "warning": "prefix_similar"},
    {"city1": "קריית גת", "city2": "קריית ארבע", "warning": "prefix_similar"},
    {"city1": "קריית ים", "city2": "קריית ביאליק", "warning": "prefix_similar"},
    {"city1": "רמת גן", "city2": "רמת השרון", "warning": "prefix_similar"},
    {"city1": "גבעתיים", "city2": "גבעת שמואל", "warning": "prefix_similar"},
    {"city1": "נס ציונה", "city2": "ראשון לציון", "warning": "suffix_similar"},
    {"city1": "פתח תקווה", "city2": "גני תקווה", "warning": "suffix_similar"}
  ],
  "_stt_corrections_note": "Common STT transcription errors loaded at runtime - NOT hardcoded in Python",
  "stt_corrections": [
    {"error": "בקשן", "correct": "בית שאן", "note": "STT drops 'בית' to 'ב'"},
    {"error": "ביי צהריים", "correct": "בית שאן", "note": "Common STT error from logs"},
    {"error": "בייצהריים", "correct": "בית שאן"},
    {"error": "בי צהריים", "correct": "בית שאן"},
    {"error": "ביישאן", "correct": "בית שאן"},
    {"error": "ביתשן", "correct": "בית שאן"},
    {"error": "בשאן", "correct": "בית שאן"},
    {"error": "בישאן", "correct": "בית שאן"},
    {"error": "בשמש", "correct": "בית שמש"},
    {"error": "ביתשמש", "correct": "בית שמש"},
    {"error": "ביישמש", "correct": "בית שמש"},
    {"error": "מצפרמון", "correct": "מצפה רמון"},
    {"error": "מיצפה רמון", "correct": "מצפה רמון"},
    {"error": "מצפא רמון", "correct": "מצפה רמון"},
    {"error": "קריתשמונה", "correct": "קריית שמונה"},
    {"error": "קרית שמונא", "correct": "קריית שמונה"},
    {"error": "קשמונה", "correct": "קריית שמונה"},
    {"error": "תלאביב", "correct": "תל אביב"},
    {"error": "תא יפו", "correct": "תל אביב"},
    {"error": "ראשלציון", "correct": "ראשון לציון"},
    {"error": "ראשון לצ", "correct": "ראשון לציון"},
    {"error": "פתחתקוה", "correct": "פתח תקווה"},
    {"error": "פתח תקוא", "correct": "פתח תקווה"},
    {"error": "רמתגן", "correct": "רמת גן"},
    {"error": "באר שבה", "correct": "באר שבע"},
    {"error": "בירשבע", "correct": "באר שבע"},
    {"error": "חיפא", "correct": "חיפה"},
    {"error": "ירושלם", "correct": "ירושלים"}
  ]
}
